32.0,28.0,61.0,45.0,218.0,100.0,35.0,60.0,52.0,90.0,80.0,57.0,28.0,112.0,57.0,67.0,40.0,224.0,43.0,44.0,98.0,82.0,46.0,123.0,36.0,54.0,46.0,252.0,83.0,54.0,63.0,60.0,136.0,74.0,65.0,66.0,60.0,38.0,230.0,33.0,50.0,59.0,56.0,41.0,24.0,77.0,107.0,128.0,66.0,84.0,62.0,61.0,90.0,75.0,51.0,91.0,46.0,224.0,71.0,30.0,106.0,54.0,42.0,45.0,52.0,42.0,196.0,82.0,64.0,53.0,46.0,58.0,100.0,278.0,98.0,94.0,36.0,107.0,62.0,206.0,26.0,66.0,51.0,37.0,54.0,78.0,122.0,114.0,89.0,65.0,128.0,68.0,69.0,68.0,81.0,75.0,83.0,61.0,63.0,42.0,165.0,82.0,63.0,79.0,50.0,46.0,116.0,46.0,148.0,82.0,53.0,89.0,67.0,75.0,197.0,59.0,60.0,48.0,45.0,207.0,76.0,66.0,96.0,86.0,91.0,60.0,34.0,90.0,163.0,97.0,48.0,101.0,51.0,78.0,96.0,76.0,51.0,72.0,69.0,28.0,163.0,60.0,39.0,122.0,75.0,66.0,246.0,80.0,50.0,106.0,36.0,86.0,55.0,170.0,62.0,98.0,103.0,63.0,87.0,161.0,62.0,48.0,52.0,85.0,58.0,57.0,52.0,64.0,158.0,93.0,54.0,21.0,45.0,48.0,45.0,43.0,264.0,55.0,77.0,73.0,36.0,26.0,49.0,74.0,46.0,86.0,69.0,71.0,109.0,85.0,67.0,47.0,96.0,87.0,97.0,75.0,54.0,244.0,61.0,61.0
86.0,61.0,35.0,109.0,80.0,221.0,60.0,66.0,91.0,29.0,159.0,131.0,102.0,55.0,115.0,91.0,39.0,35.0,53.0,137.0,138.0,130.0,36.0,59.0,78.0,50.0,54.0,60.0,99.0,176.0,86.0,68.0,191.0,67.0,59.0,101.0,124.0,88.0,38.0,54.0,26.0,69.0,52.0,35.0,197.0,70.0,55.0,44.0,73.0,74.0,229.0,104.0,53.0,56.0,63.0,71.0,55.0,77.0,43.0,108.0,33.0,253.0,62.0,32.0,71.0,41.0,201.0,80.0,42.0,56.0,89.0,69.0,65.0,260.0,132.0,62.0,29.0,67.0,31.0,71.0,79.0,64.0,27.0,64.0,187.0,75.0,85.0,62.0,72.0,47.0,56.0,53.0,90.0,225.0,58.0,79.0,44.0,118.0,60.0,68.0,162.0,78.0,45.0,35.0,52.0,34.0,72.0,83.0,132.0,82.0,51.0,62.0,128.0,50.0,86.0,43.0,248.0,502.0,791.0,862.0,0.0,0.0,1445.0,559.0,682.0,884.0,457.0,1219.0,1527.0,1.0,1675.0,688.0,896.0,979.0,434.0,1316.0,1271.0,1311.0,440.0,1217.0,850.0,820.0,788.0,672.0,613.0,879.0,1178.0,1055.0,399.0,360.0,415.0,489.0,438.0,439.0,384.0,419.0,336.0,296.0,225.0,203.0,163.0,128.0,256.0,161.0,251.0,201.0,148.0,247.0,133.0,153.0,180.0,321.0,1405.0,1124.0,1182.0,1412.0,1399.0,1682.0,1324.0,430.0,1014.0,1195.0,605.0,97.0,0.0,1155.0,45.0,340.0,117.0,437.0,385.0,251.0,386.0,300.0,320.0,570.0,413.0,562.0,329.0,289.0
37.0,33.0,168.0,55.0,56.0,81.0,88.0,71.0,69.0,162.0,73.0,65.0,36.0,42.0,77.0,85.0,84.0,229.0,71.0,95.0,126.0,94.0,72.0,33.0,43.0,169.0,92.0,50.0,88.0,59.0,104.0,67.0,58.0,54.0,244.0,46.0,74.0,94.0,54.0,487.0,841.0,0.0,1.0,776.0,358.0,681.0,866.0,1525.0,1623.0,517.0,764.0,844.0,1008.0,1057.0,814.0,933.0,1004.0,1101.0,1036.0,670.0,437.0,425.0,304.0,236.0,235.0,281.0,359.0,386.0,348.0,318.0,422.0,293.0,336.0,344.0,260.0,154.0,173.0,234.0,162.0,127.0,148.0,119.0,164.0,123.0,96.0,71.0,92.0,65.0,196.0,241.0,970.0,759.0,0.0,0.0,542.0,258.0,485.0,521.0,405.0,651.0,585.0,866.0,295.0,900.0,844.0,551.0,509.0,544.0,504.0,232.0,532.0,593.0,396.0,633.0,561.0,579.0,472.0,494.0,369.0,321.0,471.0,386.0,473.0,512.0,338.0,504.0,251.0,286.0,391.0,424.0,140.0,459.0,405.0,145.0,247.0,311.0,248.0,233.0,258.0,254.0,287.0,262.0,153.0,275.0,364.0,167.0,177.0,213.0,167.0,125.0,59.0,125.0,61.0,58.0,53.0,104.0,58.0,257.0,90.0,112.0,80.0,80.0,74.0,61.0,244.0,101.0,50.0,41.0,62.0,30.0,52.0,74.0,51.0,153.0,95.0,47.0,83.0,165.0,49.0,48.0,132.0,39.0,70.0,68.0,54.0,55.0,64.0,254.0,76.0,125.0,69.0,85.0,81.0,89.0,51.0,117.0,105.0,222.0,71.0,25.0
87.0,46.0,64.0,51.0,39.0,199.0,65.0,78.0,60.0,47.0,209.0,115.0,86.0,40.0,60.0,38.0,101.0,53.0,28.0,237.0,85.0,50.0,73.0,60.0,34.0,232.0,53.0,23.0,71.0,76.0,35.0,148.0,94.0,450.0,640.0,890.0,1221.0,0.0,4.0,1837.0,316.0,657.0,560.0,416.0,838.0,944.0,1238.0,1567.0,1508.0,777.0,1075.0,851.0,525.0,778.0,1263.0,498.0,328.0,362.0,219.0,511.0,416.0,384.0,372.0,276.0,468.0,289.0,331.0,214.0,176.0,212.0,253.0,366.0,199.0,120.0,174.0,200.0,254.0,101.0,98.0,117.0,208.0,81.0,113.0,107.0,401.0,761.0,1254.0,0.0,3.0,1895.0,276.0,355.0,170.0,546.0,567.0,781.0,406.0,837.0,810.0,301.0,530.0,433.0,182.0,511.0,525.0,396.0,541.0,458.0,292.0,481.0,495.0,350.0,610.0,401.0,187.0,470.0,398.0,262.0,388.0,329.0,339.0,275.0,209.0,232.0,270.0,241.0,187.0,340.0,207.0,119.0,273.0,279.0,105.0,158.0,108.0,123.0,191.0,286.0,111.0,51.0,103.0,50.0,69.0,60.0,77.0,66.0,27.0,205.0,49.0,98.0,56.0,55.0,25.0,75.0,47.0,275.0,80.0,92.0,61.0,44.0,67.0,175.0,78.0,65.0,62.0,99.0,106.0,58.0,77.0,62.0,41.0,96.0,88.0,118.0,85.0,61.0,136.0,43.0,45.0,56.0,60.0,49.0,40.0,187.0,32.0,38.0,71.0,95.0,45.0,263.0,37.0,33.0,78.0,35.0,83.0,68.0,33.0,82.0,45.0,212.0
100.0,48.0,62.0,36.0,52.0,99.0,237.0,83.0,99.0,30.0,65.0,36.0,29.0,56.0,110.0,48.0,57.0,136.0,39.0,111.0,63.0,34.0,27.0,29.0,159.0,44.0,72.0,67.0,70.0,77.0,72.0,172.0,89.0,45.0,68.0,90.0,141.0,137.0,120.0,241.0,654.0,807.0,1116.0,15.0,1.0,1631.0,543.0,652.0,446.0,990.0,1254.0,1318.0,970.0,1120.0,1439.0,675.0,686.0,433.0,515.0,501.0,300.0,223.0,295.0,334.0,482.0,612.0,390.0,390.0,258.0,286.0,328.0,199.0,281.0,258.0,177.0,201.0,191.0,312.0,143.0,163.0,205.0,126.0,100.0,112.0,225.0,161.0,120.0,138.0,201.0,723.0,14.0,421.0,1503.0,292.0,221.0,398.0,457.0,703.0,468.0,841.0,781.0,683.0,542.0,663.0,498.0,180.0,456.0,508.0,111.0,452.0,511.0,351.0,502.0,387.0,411.0,537.0,302.0,492.0,478.0,306.0,360.0,433.0,249.0,347.0,389.0,390.0,478.0,146.0,519.0,340.0,392.0,205.0,281.0,326.0,303.0,424.0,225.0,180.0,447.0,336.0,222.0,163.0,275.0,406.0,167.0,223.0,213.0,103.0,66.0,97.0,55.0,65.0,61.0,146.0,62.0,46.0,51.0,53.0,83.0,39.0,89.0,21.0,64.0,240.0,50.0,141.0,50.0,184.0,79.0,60.0,69.0,54.0,31.0,38.0,208.0,91.0,64.0,52.0,36.0,35.0,35.0,276.0,62.0,119.0,107.0,120.0,31.0,69.0,98.0,100.0,172.0,94.0,81.0,76.0,103.0,85.0,95.0,40.0,47.0,31.0
89.0,48.0,41.0,64.0,63.0,143.0,68.0,71.0,36.0,61.0,153.0,54.0,222.0,119.0,49.0,93.0,65.0,65.0,186.0,68.0,72.0,62.0,58.0,73.0,83.0,57.0,64.0,70.0,85.0,38.0,43.0,228.0,82.0,55.0,66.0,46.0,68.0,54.0,61.0,30.0,258.0,34.0,70.0,411.0,489.0,934.0,1031.0,1.0,2.0,1663.0,518.0,601.0,746.0,361.0,1079.0,1302.0,1215.0,1086.0,1263.0,1095.0,1054.0,717.0,432.0,291.0,305.0,304.0,206.0,232.0,255.0,241.0,247.0,356.0,232.0,217.0,205.0,196.0,152.0,170.0,112.0,121.0,137.0,129.0,195.0,148.0,82.0,343.0,110.0,109.0,109.0,187.0,203.0,1119.0,1342.0,780.0,864.0,1263.0,669.0,393.0,1179.0,247.0,346.0,335.0,298.0,328.0,560.0,369.0,531.0,567.0,182.0,659.0,582.0,289.0,621.0,506.0,417.0,375.0,324.0,622.0,452.0,561.0,379.0,328.0,603.0,360.0,547.0,228.0,312.0,345.0,426.0,331.0,278.0,309.0,97.0,151.0,145.0,292.0,247.0,257.0,140.0,52.0,118.0,63.0,191.0,94.0,315.0,388.0,74.0,165.0,220.0,254.0,161.0,151.0,137.0,85.0,59.0,298.0,39.0,104.0,55.0,98.0,145.0,160.0,59.0,104.0,226.0,78.0,62.0,34.0,57.0,32.0,83.0,81.0,172.0,57.0,44.0,31.0,54.0,88.0,63.0,61.0,71.0,72.0,162.0,63.0,97.0,65.0,80.0,162.0,78.0,52.0,56.0,56.0,71.0,75.0,31.0,40.0,214.0,54.0,35.0,108.0
91.0,90.0,40.0,161.0,66.0,52.0,52.0,80.0,64.0,113.0,49.0,76.0,204.0,33.0,69.0,45.0,84.0,44.0,149.0,53.0,106.0,63.0,22.0,26.0,22.0,75.0,83.0,213.0,54.0,83.0,54.0,76.0,30.0,77.0,115.0,51.0,165.0,88.0,48.0,78.0,354.0,805.0,923.0,0.0,1416.0,263.0,775.0,754.0,853.0,1230.0,1561.0,687.0,605.0,808.0,754.0,641.0,1539.0,694.0,724.0,493.0,413.0,448.0,452.0,508.0,447.0,481.0,400.0,436.0,339.0,291.0,242.0,194.0,161.0,159.0,258.0,217.0,137.0,103.0,114.0,95.0,116.0,147.0,113.0,79.0,63.0,130.0,558.0,1117.0,13.0,282.0,536.0,581.0,660.0,344.0,961.0,33.0,82.0,247.0,266.0,254.0,350.0,540.0,263.0,492.0,539.0,450.0,580.0,445.0,446.0,656.0,361.0,475.0,411.0,123.0,382.0,392.0,390.0,436.0,153.0,458.0,297.0,661.0,469.0,288.0,612.0,211.0,601.0,345.0,346.0,365.0,241.0,591.0,121.0,503.0,341.0,261.0,338.0,151.0,634.0,153.0,454.0,225.0,278.0,123.0,171.0,308.0,155.0,82.0,126.0,153.0,123.0,219.0,67.0,105.0,49.0,50.0,70.0,53.0,92.0,31.0,50.0,42.0,64.0,45.0,222.0,113.0,54.0,65.0,69.0,61.0,60.0,85.0,131.0,125.0,69.0,74.0,70.0,50.0,68.0,30.0,47.0,267.0,64.0,134.0,51.0,52.0,221.0,60.0,79.0,91.0,65.0,117.0,83.0,72.0,61.0,95.0,48.0,66.0,225.0,70.0
40.0,67.0,61.0,137.0,79.0,263.0,89.0,72.0,78.0,80.0,76.0,40.0,92.0,60.0,149.0,97.0,36.0,32.0,53.0,61.0,44.0,151.0,117.0,39.0,95.0,70.0,36.0,87.0,61.0,47.0,60.0,86.0,186.0,68.0,50.0,447.0,718.0,379.0,719.0,1122.0,0.0,861.0,633.0,925.0,587.0,1605.0,841.0,1011.0,794.0,1605.0,1343.0,792.0,641.0,405.0,454.0,348.0,432.0,275.0,383.0,257.0,338.0,272.0,252.0,174.0,308.0,201.0,250.0,225.0,147.0,142.0,89.0,76.0,59.0,110.0,62.0,71.0,130.0,100.0,101.0,310.0,150.0,141.0,499.0,565.0,1.0,1672.0,160.0,397.0,370.0,235.0,498.0,443.0,260.0,280.0,281.0,246.0,593.0,587.0,185.0,317.0,316.0,399.0,238.0,489.0,341.0,328.0,253.0,303.0,318.0,222.0,289.0,167.0,208.0,210.0,280.0,485.0,244.0,332.0,275.0,350.0,399.0,236.0,476.0,242.0,253.0,394.0,317.0,378.0,185.0,308.0,322.0,330.0,272.0,86.0,331.0,284.0,223.0,72.0,84.0,66.0,78.0,70.0,303.0,94.0,66.0,73.0,92.0,66.0,63.0,77.0,84.0,141.0,67.0,29.0,93.0,51.0,64.0,75.0,72.0,251.0,33.0,51.0,70.0,73.0,34.0,57.0,69.0,64.0,48.0,74.0,55.0,68.0,269.0,54.0,55.0,98.0,85.0,69.0,53.0,43.0,192.0,82.0,65.0,110.0,120.0,39.0,64.0,300.0,63.0,31.0,44.0,18.0,55.0,54.0,64.0,263.0,96.0,78.0,36.0,61.0
69.0,156.0,93.0,115.0,62.0,62.0,54.0,35.0,108.0,54.0,31.0,72.0,101.0,52.0,261.0,32.0,92.0,54.0,52.0,60.0,107.0,33.0,147.0,58.0,165.0,52.0,75.0,42.0,80.0,56.0,133.0,82.0,402.0,591.0,780.0,539.0,457.0,378.0,1312.0,505.0,377.0,1339.0,640.0,1075.0,1620.0,752.0,1264.0,1168.0,1353.0,1282.0,679.0,451.0,364.0,278.0,203.0,211.0,180.0,180.0,260.0,139.0,289.0,207.0,233.0,209.0,216.0,244.0,165.0,98.0,90.0,108.0,108.0,161.0,115.0,325.0,173.0,106.0,143.0,102.0,81.0,173.0,764.0,402.0,1232.0,599.0,426.0,660.0,598.0,537.0,670.0,675.0,572.0,412.0,425.0,471.0,473.0,578.0,457.0,529.0,596.0,311.0,457.0,559.0,230.0,764.0,495.0,269.0,329.0,358.0,334.0,269.0,346.0,368.0,485.0,172.0,266.0,344.0,307.0,297.0,330.0,420.0,268.0,417.0,439.0,144.0,384.0,299.0,437.0,394.0,176.0,349.0,342.0,464.0,295.0,188.0,264.0,241.0,457.0,200.0,235.0,141.0,408.0,117.0,85.0,54.0,122.0,69.0,61.0,87.0,67.0,52.0,54.0,306.0,42.0,34.0,87.0,59.0,46.0,52.0,32.0,94.0,106.0,82.0,74.0,154.0,50.0,106.0,113.0,64.0,30.0,89.0,78.0,64.0,248.0,85.0,32.0,110.0,112.0,95.0,58.0,189.0,90.0,96.0,50.0,72.0,43.0,59.0,47.0,143.0,73.0,66.0,41.0,45.0,38.0,39.0,56.0,175.0,56.0,78.0,47.0,69.0
33.0,94.0,55.0,35.0,51.0,54.0,97.0,28.0,179.0,79.0,108.0,50.0,90.0,45.0,48.0,78.0,260.0,127.0,96.0,36.0,53.0,82.0,197.0,57.0,66.0,87.0,90.0,43.0,79.0,55.0,64.0,32.0,159.0,98.0,91.0,203.0,94.0,60.0,178.0,40.0,377.0,492.0,691.0,412.0,372.0,0.0,1133.0,370.0,731.0,743.0,1127.0,1673.0,718.0,792.0,1310.0,1102.0,670.0,826.0,430.0,502.0,265.0,325.0,255.0,354.0,306.0,203.0,170.0,286.0,284.0,178.0,161.0,97.0,116.0,104.0,112.0,269.0,75.0,106.0,140.0,144.0,115.0,157.0,88.0,80.0,95.0,105.0,65.0,265.0,690.0,802.0,0.0,1733.0,415.0,228.0,415.0,562.0,279.0,456.0,489.0,307.0,539.0,457.0,135.0,481.0,499.0,238.0,434.0,394.0,467.0,460.0,284.0,362.0,455.0,211.0,337.0,365.0,399.0,255.0,175.0,336.0,247.0,426.0,221.0,302.0,354.0,252.0,384.0,234.0,170.0,519.0,338.0,307.0,183.0,234.0,426.0,318.0,318.0,194.0,289.0,265.0,266.0,117.0,129.0,54.0,79.0,73.0,188.0,213.0,52.0,29.0,73.0,50.0,36.0,84.0,62.0,160.0,54.0,56.0,43.0,61.0,80.0,65.0,74.0,32.0,25.0,219.0,49.0,141.0,73.0,39.0,109.0,78.0,31.0,63.0,176.0,46.0,84.0,74.0,67.0,63.0,73.0,107.0,220.0,86.0,52.0,84.0,66.0,46.0,100.0,74.0,55.0,34.0,77.0,71.0,61.0,301.0,83.0,58.0,51.0,45.0
33.0,45.0,257.0,44.0,84.0,81.0,74.0,124.0,55.0,55.0,54.0,67.0,249.0,89.0,58.0,42.0,76.0,100.0,41.0,169.0,131.0,90.0,96.0,91.0,69.0,128.0,31.0,67.0,62.0,151.0,54.0,118.0,69.0,39.0,54.0,133.0,67.0,55.0,238.0,54.0,27.0,75.0,63.0,56.0,455.0,657.0,770.0,1035.0,0.0,1.0,1456.0,377.0,480.0,421.0,712.0,1263.0,854.0,743.0,433.0,731.0,796.0,704.0,461.0,673.0,348.0,415.0,372.0,380.0,357.0,340.0,394.0,351.0,227.0,305.0,224.0,204.0,162.0,332.0,201.0,164.0,146.0,180.0,266.0,94.0,111.0,97.0,130.0,122.0,171.0,318.0,1078.0,14.0,0.0,1804.0,166.0,152.0,279.0,398.0,405.0,411.0,457.0,254.0,273.0,332.0,246.0,604.0,596.0,278.0,527.0,409.0,231.0,500.0,501.0,279.0,508.0,368.0,150.0,293.0,447.0,281.0,405.0,372.0,285.0,197.0,189.0,333.0,407.0,259.0,172.0,358.0,276.0,184.0,263.0,415.0,134.0,180.0,98.0,158.0,60.0,85.0,81.0,173.0,77.0,45.0,37.0,74.0,116.0,83.0,67.0,35.0,236.0,66.0,90.0,59.0,62.0,32.0,60.0,37.0,47.0,148.0,31.0,122.0,79.0,66.0,95.0,169.0,56.0,36.0,108.0,55.0,50.0,258.0,96.0,50.0,56.0,66.0,63.0,74.0,78.0,52.0,68.0,192.0,78.0,87.0,34.0,97.0,160.0,89.0,105.0,79.0,50.0,33.0,97.0,53.0,250.0,85.0,93.0,55.0,55.0,58.0
81.0,110.0,70.0,138.0,115.0,49.0,55.0,59.0,64.0,53.0,31.0,115.0,42.0,220.0,69.0,37.0,191.0,72.0,84.0,100.0,158.0,127.0,71.0,46.0,40.0,42.0,64.0,97.0,99.0,66.0,54.0,70.0,55.0,38.0,157.0,49.0,43.0,23.0,65.0,427.0,464.0,643.0,841.0,1151.0,0.0,1022.0,448.0,589.0,574.0,662.0,1002.0,826.0,867.0,443.0,1033.0,684.0,673.0,438.0,352.0,223.0,249.0,192.0,255.0,146.0,232.0,393.0,357.0,203.0,132.0,161.0,177.0,119.0,86.0,139.0,112.0,267.0,93.0,99.0,114.0,105.0,161.0,103.0,133.0,79.0,127.0,743.0,167.0,411.0,540.0,537.0,518.0,369.0,576.0,295.0,410.0,380.0,274.0,618.0,524.0,262.0,276.0,413.0,414.0,319.0,382.0,616.0,401.0,430.0,287.0,387.0,610.0,272.0,412.0,333.0,310.0,357.0,244.0,599.0,254.0,276.0,245.0,418.0,349.0,232.0,366.0,148.0,346.0,122.0,132.0,128.0,141.0,107.0,63.0,66.0,83.0,60.0,184.0,91.0,143.0,139.0,132.0,45.0,112.0,91.0,124.0,105.0,56.0,93.0,71.0,47.0,65.0,64.0,93.0,37.0,35.0,41.0,70.0,68.0,175.0,73.0,44.0,59.0,77.0,70.0,91.0,167.0,57.0,70.0,40.0,67.0,49.0,51.0,89.0,296.0,54.0,83.0,51.0,63.0,46.0,61.0,71.0,80.0,54.0,94.0,99.0,92.0,222.0,31.0,99.0,91.0,34.0,284.0,116.0,99.0,69.0,222.0,61.0,53.0,40.0,51.0
78.0,34.0,230.0,87.0,81.0,41.0,33.0,139.0,67.0,39.0,81.0,49.0,59.0,198.0,62.0,41.0,19.0,224.0,76.0,53.0,103.0,53.0,46.0,75.0,76.0,39.0,81.0,74.0,24.0,168.0,69.0,177.0,120.0,63.0,388.0,715.0,469.0,432.0,1260.0,489.0,422.0,782.0,1234.0,1161.0,613.0,943.0,1100.0,1033.0,993.0,1066.0,967.0,573.0,640.0,261.0,419.0,244.0,377.0,342.0,251.0,267.0,275.0,317.0,246.0,284.0,118.0,130.0,121.0,190.0,152.0,128.0,138.0,92.0,200.0,91.0,203.0,158.0,85.0,114.0,533.0,905.0,0.0,0.0,1773.0,221.0,173.0,228.0,276.0,276.0,281.0,291.0,154.0,403.0,533.0,152.0,451.0,487.0,114.0,427.0,481.0,211.0,319.0,303.0,325.0,241.0,227.0,307.0,330.0,150.0,226.0,146.0,313.0,316.0,203.0,168.0,137.0,417.0,208.0,183.0,155.0,169.0,94.0,90.0,111.0,45.0,44.0,86.0,163.0,98.0,39.0,78.0,36.0,168.0,74.0,64.0,152.0,85.0,92.0,48.0,49.0,72.0,52.0,68.0,35.0,110.0,129.0,48.0,55.0,59.0,32.0,67.0,52.0,196.0,68.0,74.0,84.0,58.0,65.0,40.0,24.0,287.0,31.0,100.0,79.0,64.0,91.0,63.0,89.0,54.0,203.0,50.0,63.0,69.0,86.0,65.0,167.0,51.0,178.0,79.0,69.0,75.0,88.0,70.0,65.0,58.0,41.0,41.0,217.0,73.0,63.0,70.0,52.0,143.0,167.0,54.0,51.0,48.0,41.0,236.0,62.0,85.0
69.0,106.0,58.0,80.0,49.0,203.0,56.0,57.0,55.0,71.0,22.0,69.0,91.0,224.0,63.0,80.0,62.0,115.0,130.0,56.0,69.0,63.0,79.0,60.0,95.0,77.0,63.0,126.0,280.0,50.0,48.0,92.0,86.0,62.0,257.0,44.0,491.0,418.0,451.0,626.0,800.0,688.0,37.0,0.0,952.0,455.0,697.0,820.0,989.0,870.0,1370.0,792.0,794.0,696.0,437.0,481.0,276.0,354.0,176.0,311.0,199.0,271.0,300.0,226.0,251.0,138.0,186.0,204.0,122.0,85.0,123.0,130.0,58.0,98.0,293.0,133.0,105.0,92.0,91.0,170.0,334.0,858.0,536.0,157.0,1638.0,432.0,243.0,407.0,471.0,236.0,496.0,367.0,339.0,460.0,646.0,246.0,484.0,300.0,324.0,382.0,205.0,294.0,388.0,223.0,249.0,271.0,320.0,334.0,260.0,297.0,338.0,332.0,219.0,338.0,406.0,283.0,216.0,209.0,338.0,255.0,138.0,354.0,108.0,48.0,95.0,55.0,145.0,83.0,146.0,34.0,68.0,59.0,61.0,97.0,79.0,188.0,124.0,46.0,73.0,42.0,119.0,61.0,66.0,37.0,185.0,84.0,61.0,85.0,62.0,48.0,70.0,56.0,75.0,53.0,47.0,93.0,46.0,123.0,38.0,56.0,78.0,38.0,63.0,39.0,215.0,78.0,86.0,89.0,68.0,40.0,51.0,63.0,146.0,256.0,85.0,85.0,44.0,53.0,35.0,37.0,97.0,42.0,67.0,116.0,80.0,148.0,86.0,71.0,47.0,84.0,75.0,46.0,173.0,118.0,34.0,96.0,96.0,112.0,42.0,109.0
84.0,79.0,44.0,74.0,23.0,131.0,195.0,67.0,136.0,113.0,80.0,50.0,59.0,54.0,47.0,121.0,55.0,31.0,90.0,116.0,81.0,48.0,70.0,251.0,33.0,109.0,68.0,66.0,124.0,62.0,40.0,56.0,264.0,88.0,100.0,494.0,562.0,698.0,805.0,468.0,966.0,851.0,0.0,1676.0,483.0,735.0,1387.0,1388.0,755.0,1266.0,895.0,1022.0,742.0,938.0,519.0,421.0,308.0,262.0,241.0,220.0,288.0,226.0,246.0,160.0,225.0,295.0,170.0,181.0,159.0,154.0,115.0,107.0,87.0,112.0,135.0,111.0,345.0,61.0,150.0,117.0,505.0,798.0,0.0,1830.0,408.0,294.0,404.0,583.0,411.0,369.0,413.0,202.0,496.0,620.0,191.0,499.0,477.0,227.0,325.0,385.0,387.0,340.0,145.0,341.0,261.0,541.0,282.0,226.0,381.0,319.0,320.0,258.0,336.0,159.0,298.0,433.0,274.0,286.0,162.0,293.0,231.0,117.0,130.0,104.0,303.0,35.0,89.0,51.0,69.0,85.0,100.0,108.0,89.0,109.0,103.0,38.0,115.0,67.0,105.0,60.0,217.0,48.0,62.0,55.0,45.0,78.0,84.0,298.0,144.0,30.0,31.0,88.0,55.0,125.0,147.0,63.0,77.0,53.0,45.0,52.0,229.0,53.0,48.0,41.0,83.0,253.0,107.0,106.0,32.0,51.0,92.0,89.0,34.0,102.0,56.0,37.0,154.0,116.0,48.0,25.0,80.0,47.0,36.0,76.0,98.0,177.0,139.0,49.0,54.0,64.0,53.0,34.0,50.0,55.0,90.0,151.0,27.0,57.0,47.0,45.0
68.0,77.0,70.0,69.0,72.0,210.0,72.0,50.0,41.0,51.0,44.0,134.0,348.0,646.0,669.0,736.0,577.0,398.0,793.0,604.0,533.0,861.0,802.0,904.0,1388.0,821.0,846.0,970.0,564.0,646.0,344.0,362.0,236.0,244.0,301.0,255.0,307.0,223.0,196.0,168.0,295.0,224.0,187.0,150.0,87.0,98.0,73.0,216.0,171.0,185.0,149.0,121.0,108.0,172.0,97.0,241.0,81.0,536.0,1095.0,1.0,836.0,548.0,420.0,277.0,486.0,362.0,262.0,370.0,417.0,193.0,561.0,501.0,221.0,418.0,305.0,247.0,394.0,263.0,248.0,345.0,227.0,226.0,221.0,373.0,247.0,214.0,183.0,384.0,318.0,252.0,180.0,229.0,352.0,249.0,223.0,316.0,254.0,203.0,205.0,112.0,184.0,68.0,91.0,219.0,82.0,85.0,76.0,64.0,79.0,72.0,41.0,113.0,77.0,91.0,65.0,84.0,47.0,47.0,44.0,226.0,34.0,94.0,81.0,96.0,85.0,45.0,41.0,173.0,91.0,124.0,70.0,46.0,177.0,83.0,69.0,53.0,60.0,39.0,21.0,102.0,53.0,67.0,35.0,52.0,44.0,144.0,38.0,62.0,79.0,29.0,51.0,48.0,69.0,22.0,63.0,50.0,145.0,88.0,50.0,37.0,96.0,85.0,38.0,80.0,44.0,237.0,54.0,70.0,28.0,54.0,43.0,48.0,79.0,172.0,90.0,75.0,193.0,40.0,119.0,48.0,59.0,47.0,45.0,81.0,34.0,35.0,62.0,31.0,61.0,261.0,60.0,73.0,52.0,58.0,65.0,121.0,105.0,257.0,62.0,94.0
43.0,113.0,84.0,85.0,53.0,68.0,148.0,39.0,88.0,163.0,42.0,68.0,102.0,55.0,90.0,123.0,108.0,186.0,594.0,654.0,693.0,0.0,1.0,928.0,288.0,460.0,536.0,307.0,644.0,1049.0,849.0,724.0,1387.0,929.0,910.0,748.0,557.0,377.0,260.0,486.0,437.0,529.0,220.0,288.0,259.0,249.0,210.0,155.0,263.0,176.0,200.0,119.0,74.0,120.0,150.0,129.0,83.0,156.0,82.0,75.0,62.0,90.0,157.0,499.0,303.0,1.0,1.0,113.0,306.0,311.0,339.0,341.0,398.0,383.0,355.0,239.0,194.0,522.0,610.0,304.0,574.0,499.0,152.0,495.0,534.0,298.0,401.0,407.0,371.0,359.0,218.0,564.0,167.0,468.0,217.0,174.0,463.0,231.0,420.0,232.0,177.0,423.0,258.0,350.0,223.0,263.0,264.0,293.0,302.0,168.0,235.0,169.0,262.0,227.0,88.0,208.0,274.0,199.0,78.0,71.0,130.0,106.0,65.0,99.0,100.0,185.0,63.0,122.0,128.0,37.0,46.0,69.0,87.0,44.0,171.0,48.0,77.0,104.0,44.0,156.0,144.0,46.0,78.0,73.0,125.0,249.0,93.0,76.0,61.0,110.0,38.0,80.0,66.0,94.0,234.0,49.0,41.0,87.0,104.0,46.0,63.0,34.0,32.0,84.0,53.0,261.0,69.0,49.0,114.0,53.0,91.0,41.0,83.0,43.0,214.0,98.0,73.0,62.0,90.0,42.0,123.0,131.0,78.0,94.0,59.0,76.0,38.0,68.0,53.0,65.0,72.0,116.0,45.0,38.0,72.0,61.0,38.0,47.0,71.0,66.0
169.0,107.0,32.0,104.0,47.0,99.0,66.0,62.0,92.0,76.0,59.0,28.0,50.0,85.0,254.0,73.0,44.0,41.0,61.0,43.0,96.0,52.0,63.0,90.0,273.0,47.0,135.0,92.0,59.0,89.0,62.0,157.0,68.0,68.0,77.0,80.0,63.0,281.0,161.0,81.0,249.0,607.0,395.0,686.0,737.0,790.0,0.0,843.0,555.0,460.0,680.0,774.0,1014.0,1323.0,743.0,802.0,808.0,896.0,565.0,715.0,481.0,390.0,225.0,304.0,278.0,434.0,345.0,352.0,168.0,186.0,286.0,236.0,128.0,95.0,83.0,81.0,93.0,166.0,127.0,185.0,166.0,130.0,215.0,125.0,142.0,553.0,960.0,0.0,572.0,537.0,560.0,537.0,431.0,686.0,489.0,429.0,302.0,326.0,500.0,552.0,352.0,505.0,509.0,202.0,454.0,584.0,359.0,338.0,286.0,578.0,466.0,293.0,417.0,410.0,542.0,287.0,276.0,369.0,306.0,450.0,227.0,314.0,149.0,276.0,417.0,299.0,211.0,126.0,427.0,136.0,130.0,85.0,148.0,113.0,47.0,42.0,78.0,43.0,55.0,47.0,36.0,248.0,59.0,73.0,50.0,92.0,31.0,286.0,74.0,82.0,67.0,88.0,142.0,99.0,52.0,91.0,60.0,44.0,52.0,149.0,167.0,47.0,79.0,53.0,168.0,91.0,73.0,84.0,82.0,59.0,53.0,74.0,85.0,44.0,204.0,43.0,81.0,72.0,59.0,79.0,206.0,115.0,142.0,39.0,62.0,54.0,71.0,35.0,40.0,141.0,79.0,62.0,66.0,45.0,100.0,96.0,195.0,86.0,74.0,38.0
64.0,174.0,42.0,66.0,40.0,77.0,113.0,60.0,47.0,95.0,296.0,74.0,82.0,54.0,87.0,40.0,46.0,243.0,53.0,66.0,100.0,95.0,52.0,44.0,58.0,35.0,266.0,47.0,26.0,77.0,50.0,28.0,70.0,46.0,71.0,51.0,52.0,240.0,56.0,64.0,31.0,67.0,95.0,34.0,438.0,566.0,861.0,455.0,905.0,749.0,1.0,1667.0,501.0,803.0,860.0,569.0,1006.0,921.0,1024.0,606.0,1537.0,859.0,762.0,618.0,619.0,321.0,338.0,295.0,237.0,273.0,330.0,256.0,246.0,213.0,197.0,219.0,173.0,192.0,110.0,195.0,104.0,126.0,103.0,357.0,104.0,90.0,115.0,172.0,107.0,213.0,273.0,611.0,1168.0,0.0,1508.0,435.0,517.0,270.0,589.0,578.0,178.0,574.0,517.0,243.0,582.0,657.0,224.0,588.0,531.0,252.0,565.0,421.0,287.0,646.0,417.0,486.0,620.0,287.0,532.0,534.0,190.0,479.0,301.0,471.0,275.0,262.0,441.0,299.0,488.0,266.0,203.0,340.0,442.0,428.0,185.0,353.0,191.0,373.0,158.0,97.0,196.0,224.0,61.0,110.0,113.0,60.0,61.0,235.0,95.0,80.0,38.0,68.0,195.0,88.0,53.0,34.0,25.0,52.0,57.0,248.0,73.0,35.0,57.0,40.0,56.0,56.0,174.0,151.0,51.0,70.0,123.0,116.0,54.0,82.0,61.0,73.0,38.0,70.0,177.0,84.0,65.0,76.0,49.0,91.0,70.0,52.0,56.0,102.0,41.0,48.0,71.0,60.0,69.0,190.0,42.0,105.0,48.0,29.0,131.0,79.0
66.0,54.0,62.0,43.0,35.0,139.0,43.0,116.0,61.0,48.0,43.0,52.0,255.0,18.0,86.0,70.0,82.0,116.0,58.0,40.0,79.0,161.0,51.0,90.0,42.0,56.0,47.0,208.0,37.0,80.0,59.0,77.0,78.0,47.0,193.0,128.0,206.0,103.0,51.0,81.0,144.0,207.0,500.0,37.0,0.0,0.0,479.0,221.0,387.0,573.0,521.0,958.0,946.0,1171.0,735.0,1411.0,1265.0,1039.0,831.0,548.0,680.0,273.0,191.0,252.0,260.0,274.0,253.0,335.0,283.0,224.0,207.0,297.0,239.0,167.0,123.0,149.0,78.0,124.0,194.0,198.0,128.0,207.0,73.0,260.0,149.0,139.0,99.0,352.0,846.0,15.0,1.0,1522.0,173.0,152.0,287.0,199.0,244.0,213.0,142.0,331.0,361.0,201.0,309.0,356.0,296.0,368.0,296.0,441.0,358.0,244.0,344.0,265.0,678.0,436.0,165.0,456.0,327.0,331.0,212.0,176.0,163.0,338.0,399.0,298.0,199.0,192.0,229.0,543.0,128.0,232.0,137.0,208.0,76.0,85.0,116.0,70.0,157.0,119.0,93.0,43.0,111.0,35.0,123.0,64.0,51.0,172.0,72.0,41.0,25.0,27.0,30.0,44.0,39.0,63.0,38.0,68.0,17.0,105.0,31.0,64.0,196.0,67.0,72.0,81.0,60.0,93.0,60.0,145.0,62.0,58.0,73.0,97.0,57.0,105.0,27.0,242.0,128.0,46.0,49.0,104.0,60.0,248.0,75.0,68.0,91.0,53.0,40.0,59.0,68.0,87.0,91.0,154.0,40.0,62.0,67.0,49.0,42.0,39.0,63.0,44.0
48.0,283.0,84.0,57.0,87.0,41.0,83.0,117.0,57.0,55.0,63.0,149.0,121.0,79.0,68.0,77.0,86.0,44.0,45.0,99.0,170.0,161.0,40.0,56.0,73.0,82.0,53.0,160.0,87.0,40.0,125.0,74.0,71.0,56.0,27.0,118.0,253.0,75.0,76.0,127.0,45.0,69.0,76.0,57.0,337.0,325.0,640.0,481.0,663.0,766.0,715.0,0.0,1745.0,538.0,471.0,928.0,948.0,948.0,733.0,1042.0,1283.0,1086.0,683.0,711.0,484.0,372.0,355.0,186.0,242.0,291.0,289.0,266.0,298.0,196.0,229.0,264.0,191.0,153.0,72.0,117.0,100.0,107.0,111.0,90.0,166.0,103.0,135.0,132.0,110.0,139.0,92.0,120.0,70.0,111.0,545.0,582.0,654.0,711.0,2.0,1.0,1174.0,16.0,68.0,100.0,125.0,191.0,96.0,203.0,179.0,248.0,200.0,140.0,397.0,291.0,375.0,211.0,258.0,163.0,139.0,442.0,124.0,375.0,253.0,285.0,443.0,188.0,313.0,189.0,181.0,181.0,91.0,172.0,169.0,116.0,275.0,45.0,141.0,136.0,95.0,46.0,51.0,76.0,107.0,42.0,159.0,87.0,61.0,70.0,94.0,197.0,80.0,64.0,135.0,34.0,78.0,38.0,48.0,115.0,89.0,73.0,49.0,36.0,30.0,52.0,89.0,50.0,83.0,49.0,58.0,89.0,44.0,52.0,27.0,54.0,101.0,153.0,81.0,44.0,32.0,79.0,109.0,67.0,46.0,60.0,210.0,87.0,75.0,227.0,65.0,38.0,77.0,45.0,73.0,71.0,71.0,62.0,79.0,30.0,85.0,240.0
42.0,43.0,51.0,76.0,127.0,67.0,111.0,47.0,91.0,107.0,159.0,80.0,70.0,53.0,81.0,71.0,88.0,54.0,247.0,81.0,60.0,34.0,63.0,44.0,77.0,263.0,59.0,156.0,48.0,125.0,36.0,42.0,59.0,184.0,94.0,100.0,93.0,125.0,80.0,95.0,35.0,64.0,93.0,28.0,22.0,184.0,149.0,685.0,776.0,386.0,173.0,15.0,1279.0,486.0,293.0,518.0,677.0,631.0,774.0,1674.0,642.0,794.0,910.0,739.0,1534.0,574.0,469.0,402.0,277.0,282.0,291.0,441.0,320.0,351.0,284.0,319.0,372.0,262.0,212.0,208.0,127.0,148.0,226.0,138.0,95.0,111.0,163.0,121.0,80.0,57.0,108.0,91.0,101.0,98.0,66.0,366.0,427.0,792.0,572.0,704.0,706.0,41.0,302.0,450.0,567.0,493.0,370.0,460.0,210.0,149.0,357.0,478.0,299.0,490.0,370.0,233.0,534.0,397.0,275.0,383.0,369.0,235.0,419.0,246.0,204.0,286.0,293.0,331.0,321.0,267.0,190.0,213.0,359.0,269.0,216.0,275.0,291.0,406.0,274.0,206.0,300.0,382.0,284.0,200.0,84.0,164.0,117.0,33.0,143.0,260.0,118.0,52.0,78.0,66.0,46.0,48.0,56.0,87.0,189.0,39.0,40.0,85.0,40.0,62.0,56.0,42.0,171.0,47.0,77.0,80.0,110.0,69.0,198.0,119.0,53.0,40.0,108.0,58.0,66.0,170.0,75.0,96.0,81.0,98.0,229.0,104.0,107.0,66.0,40.0,82.0,48.0,43.0,72.0,72.0,32.0,87.0,39.0,199.0,47.0,62.0
43.0,244.0,102.0,92.0,62.0,79.0,139.0,72.0,111.0,140.0,118.0,67.0,110.0,106.0,65.0,175.0,81.0,79.0,110.0,55.0,43.0,58.0,75.0,58.0,55.0,62.0,38.0,69.0,273.0,48.0,58.0,59.0,81.0,227.0,84.0,48.0,118.0,464.0,627.0,475.0,477.0,591.0,1042.0,0.0,1567.0,414.0,533.0,692.0,598.0,885.0,951.0,915.0,735.0,424.0,891.0,638.0,690.0,350.0,359.0,309.0,337.0,359.0,394.0,349.0,255.0,290.0,242.0,163.0,215.0,150.0,170.0,180.0,171.0,100.0,195.0,141.0,192.0,102.0,98.0,104.0,96.0,170.0,135.0,574.0,1046.0,0.0,825.0,446.0,414.0,314.0,469.0,441.0,517.0,516.0,550.0,496.0,492.0,396.0,416.0,401.0,328.0,486.0,578.0,350.0,453.0,468.0,326.0,266.0,294.0,536.0,412.0,197.0,381.0,277.0,542.0,331.0,246.0,373.0,312.0,408.0,249.0,129.0,467.0,420.0,216.0,189.0,291.0,308.0,391.0,242.0,188.0,77.0,139.0,37.0,229.0,118.0,86.0,126.0,138.0,95.0,52.0,52.0,166.0,133.0,61.0,76.0,92.0,102.0,214.0,116.0,62.0,52.0,59.0,80.0,103.0,54.0,36.0,54.0,278.0,91.0,36.0,79.0,65.0,103.0,248.0,85.0,70.0,101.0,72.0,30.0,84.0,32.0,57.0,36.0,46.0,53.0,36.0,69.0,197.0,68.0,74.0,68.0,71.0,54.0,60.0,46.0,171.0,78.0,100.0,56.0,73.0,73.0,56.0,232.0,104.0,47.0,69.0,47.0,62.0,72.0
42.0,63.0,63.0,197.0,55.0,58.0,105.0,88.0,38.0,224.0,76.0,34.0,31.0,54.0,71.0,171.0,49.0,64.0,35.0,82.0,62.0,176.0,82.0,95.0,63.0,79.0,51.0,135.0,54.0,41.0,57.0,60.0,152.0,383.0,514.0,532.0,853.0,514.0,124.0,2.0,808.0,561.0,323.0,679.0,814.0,913.0,1091.0,1.0,1767.0,345.0,346.0,201.0,190.0,251.0,302.0,288.0,246.0,258.0,263.0,233.0,228.0,177.0,164.0,266.0,174.0,135.0,114.0,169.0,103.0,223.0,91.0,131.0,136.0,77.0,155.0,100.0,104.0,44.0,451.0,1174.0,0.0,1581.0,531.0,487.0,674.0,371.0,628.0,744.0,428.0,644.0,480.0,376.0,429.0,462.0,312.0,459.0,506.0,318.0,596.0,581.0,269.0,440.0,443.0,161.0,506.0,397.0,300.0,371.0,328.0,420.0,302.0,195.0,376.0,222.0,391.0,268.0,285.0,291.0,189.0,421.0,174.0,203.0,428.0,262.0,116.0,167.0,95.0,136.0,144.0,51.0,119.0,67.0,192.0,137.0,106.0,76.0,48.0,53.0,89.0,47.0,107.0,58.0,98.0,55.0,30.0,227.0,55.0,56.0,99.0,57.0,53.0,172.0,101.0,71.0,70.0,69.0,139.0,97.0,132.0,32.0,270.0,88.0,53.0,46.0,92.0,73.0,88.0,25.0,43.0,39.0,53.0,158.0,47.0,41.0,27.0,81.0,41.0,49.0,116.0,45.0,83.0,68.0,68.0,39.0,49.0,71.0,212.0,101.0,26.0,48.0,64.0,73.0,103.0,223.0,55.0,71.0,83.0,80.0,68.0,65.0
85.0,118.0,50.0,81.0,48.0,36.0,116.0,87.0,71.0,87.0,159.0,77.0,49.0,63.0,49.0,35.0,62.0,36.0,70.0,35.0,39.0,186.0,32.0,34.0,47.0,42.0,101.0,162.0,69.0,76.0,68.0,46.0,43.0,40.0,282.0,93.0,85.0,50.0,76.0,68.0,75.0,62.0,94.0,195.0,720.0,1.0,0.0,438.0,241.0,93.0,423.0,328.0,537.0,655.0,483.0,816.0,1166.0,921.0,754.0,487.0,837.0,591.0,652.0,333.0,259.0,272.0,363.0,358.0,265.0,335.0,236.0,292.0,297.0,276.0,130.0,173.0,148.0,114.0,104.0,108.0,74.0,124.0,114.0,242.0,114.0,117.0,102.0,80.0,60.0,87.0,283.0,474.0,15.0,1668.0,593.0,343.0,630.0,532.0,365.0,526.0,553.0,252.0,591.0,1031.0,15.0,1.0,0.0,1594.0,38.0,70.0,52.0,158.0,127.0,221.0,273.0,132.0,200.0,383.0,362.0,278.0,284.0,484.0,353.0,208.0,324.0,499.0,458.0,262.0,259.0,472.0,356.0,283.0,176.0,214.0,359.0,395.0,360.0,136.0,329.0,255.0,170.0,109.0,98.0,67.0,56.0,102.0,46.0,58.0,151.0,88.0,100.0,99.0,90.0,78.0,292.0,92.0,152.0,144.0,32.0,62.0,75.0,182.0,102.0,53.0,78.0,61.0,93.0,93.0,78.0,89.0,59.0,73.0,176.0,56.0,62.0,47.0,50.0,66.0,77.0,154.0,72.0,53.0,76.0,49.0,235.0,130.0,67.0,57.0,53.0,83.0,53.0,69.0,57.0,156.0,88.0,80.0,71.0,55.0,80.0,57.0
60.0,203.0,66.0,102.0,53.0,32.0,88.0,21.0,35.0,43.0,158.0,49.0,75.0,76.0,68.0,79.0,49.0,80.0,54.0,32.0,47.0,183.0,36.0,95.0,58.0,86.0,65.0,169.0,100.0,90.0,83.0,41.0,48.0,112.0,45.0,130.0,124.0,146.0,35.0,157.0,78.0,67.0,51.0,205.0,523.0,713.0,741.0,514.0,247.0,0.0,1215.0,522.0,526.0,901.0,1423.0,1248.0,871.0,1571.0,673.0,1485.0,857.0,572.0,403.0,654.0,412.0,328.0,218.0,225.0,273.0,337.0,359.0,222.0,443.0,296.0,397.0,342.0,220.0,145.0,116.0,192.0,137.0,79.0,124.0,133.0,216.0,109.0,95.0,230.0,153.0,86.0,111.0,75.0,371.0,662.0,858.0,650.0,124.0,1293.0,300.0,284.0,339.0,270.0,374.0,397.0,270.0,507.0,473.0,294.0,298.0,318.0,337.0,314.0,212.0,409.0,377.0,361.0,393.0,242.0,455.0,262.0,290.0,301.0,211.0,452.0,279.0,314.0,239.0,327.0,489.0,245.0,335.0,142.0,270.0,384.0,353.0,275.0,128.0,216.0,117.0,90.0,334.0,154.0,96.0,86.0,80.0,75.0,57.0,87.0,98.0,259.0,79.0,71.0,78.0,104.0,51.0,74.0,101.0,76.0,48.0,67.0,69.0,41.0,114.0,108.0,115.0,51.0,64.0,30.0,54.0,64.0,270.0,55.0,65.0,42.0,83.0,68.0,151.0,131.0,62.0,118.0,111.0,42.0,97.0,23.0,192.0,104.0,39.0,33.0,97.0,44.0,74.0,44.0,45.0,98.0,265.0,38.0,113.0,115.0,73.0,36.0
90.0,67.0,60.0,67.0,65.0,70.0,56.0,38.0,58.0,78.0,233.0,66.0,25.0,62.0,51.0,83.0,51.0,52.0,36.0,281.0,67.0,58.0,164.0,85.0,171.0,53.0,75.0,47.0,104.0,51.0,97.0,152.0,87.0,53.0,59.0,44.0,71.0,108.0,55.0,44.0,46.0,67.0,247.0,94.0,32.0,198.0,144.0,53.0,401.0,445.0,679.0,682.0,622.0,419.0,1062.0,508.0,558.0,1175.0,745.0,1091.0,745.0,901.0,948.0,899.0,931.0,0.0,12.0,108.0,134.0,132.0,112.0,204.0,314.0,248.0,198.0,216.0,198.0,260.0,213.0,160.0,184.0,235.0,122.0,133.0,130.0,112.0,114.0,72.0,267.0,89.0,81.0,98.0,82.0,92.0,68.0,223.0,827.0,124.0,317.0,514.0,682.0,653.0,498.0,748.0,419.0,583.0,489.0,247.0,674.0,607.0,304.0,524.0,188.0,469.0,482.0,278.0,533.0,266.0,501.0,271.0,443.0,284.0,297.0,487.0,210.0,464.0,326.0,171.0,332.0,289.0,417.0,234.0,292.0,188.0,173.0,368.0,264.0,335.0,209.0,213.0,192.0,208.0,186.0,118.0,64.0,71.0,94.0,253.0,116.0,54.0,84.0,91.0,64.0,65.0,60.0,265.0,72.0,49.0,36.0,57.0,64.0,21.0,61.0,178.0,76.0,60.0,79.0,60.0,62.0,35.0,56.0,61.0,74.0,37.0,192.0,132.0,42.0,70.0,64.0,180.0,50.0,51.0,88.0,73.0,72.0,92.0,72.0,54.0,97.0,43.0,76.0,25.0,160.0,44.0,39.0,96.0,58.0,70.0,83.0,278.0
40.0,58.0,89.0,89.0,72.0,63.0,57.0,74.0,39.0,36.0,209.0,47.0,94.0,31.0,188.0,105.0,149.0,71.0,66.0,94.0,79.0,54.0,88.0,231.0,123.0,96.0,54.0,95.0,157.0,122.0,55.0,50.0,91.0,126.0,37.0,39.0,61.0,192.0,76.0,78.0,241.0,389.0,582.0,469.0,413.0,166.0,0.0,683.0,277.0,169.0,500.0,540.0,597.0,770.0,638.0,601.0,777.0,1340.0,1.0,1500.0,291.0,356.0,345.0,266.0,252.0,290.0,360.0,417.0,314.0,339.0,247.0,284.0,191.0,165.0,145.0,220.0,128.0,126.0,286.0,103.0,116.0,121.0,147.0,130.0,75.0,79.0,89.0,46.0,244.0,631.0,949.0,0.0,1.0,220.0,150.0,218.0,299.0,388.0,358.0,475.0,459.0,340.0,372.0,679.0,509.0,271.0,450.0,437.0,297.0,373.0,408.0,313.0,210.0,294.0,279.0,403.0,289.0,272.0,381.0,346.0,268.0,292.0,180.0,265.0,258.0,184.0,199.0,323.0,254.0,170.0,333.0,77.0,298.0,177.0,323.0,238.0,148.0,76.0,86.0,47.0,60.0,82.0,99.0,101.0,168.0,93.0,70.0,91.0,41.0,60.0,68.0,92.0,79.0,68.0,188.0,96.0,80.0,73.0,36.0,102.0,60.0,85.0,86.0,107.0,158.0,78.0,72.0,43.0,70.0,55.0,107.0,42.0,51.0,77.0,162.0,40.0,29.0,79.0,23.0,53.0,67.0,35.0,204.0,61.0,81.0,42.0,48.0,193.0,90.0,96.0,98.0,200.0,90.0,56.0,98.0,59.0,65.0,97.0,44.0,36.0
68.0,203.0,91.0,47.0,38.0,50.0,40.0,53.0,31.0,82.0,76.0,195.0,61.0,42.0,69.0,37.0,100.0,52.0,34.0,249.0,48.0,76.0,64.0,71.0,72.0,116.0,244.0,30.0,103.0,62.0,50.0,60.0,57.0,65.0,285.0,67.0,81.0,89.0,63.0,268.0,597.0,677.0,1036.0,15.0,2.0,1770.0,330.0,285.0,624.0,806.0,1100.0,1129.0,1022.0,1306.0,765.0,682.0,771.0,939.0,924.0,814.0,672.0,520.0,347.0,454.0,285.0,312.0,303.0,311.0,318.0,212.0,208.0,280.0,133.0,130.0,112.0,318.0,77.0,129.0,97.0,139.0,107.0,78.0,174.0,93.0,123.0,146.0,132.0,118.0,108.0,513.0,1.0,0.0,1023.0,105.0,189.0,238.0,329.0,292.0,241.0,289.0,360.0,417.0,194.0,447.0,441.0,318.0,303.0,343.0,400.0,264.0,134.0,360.0,254.0,342.0,320.0,228.0,440.0,312.0,254.0,223.0,244.0,271.0,194.0,252.0,266.0,328.0,260.0,116.0,258.0,261.0,201.0,94.0,94.0,149.0,141.0,46.0,43.0,56.0,108.0,55.0,64.0,40.0,53.0,37.0,59.0,33.0,151.0,28.0,83.0,143.0,83.0,88.0,113.0,58.0,70.0,28.0,64.0,41.0,63.0,276.0,28.0,69.0,54.0,75.0,33.0,35.0,100.0,229.0,104.0,78.0,95.0,81.0,64.0,33.0,56.0,68.0,47.0,67.0,42.0,96.0,70.0,55.0,128.0,51.0,72.0,73.0,65.0,39.0,257.0,60.0,117.0,67.0,77.0,78.0,91.0,273.0,46.0,49.0,57.0,42.0
54.0,29.0,80.0,73.0,30.0,41.0,87.0,66.0,59.0,228.0,71.0,119.0,49.0,71.0,68.0,36.0,66.0,204.0,88.0,41.0,60.0,85.0,51.0,59.0,57.0,40.0,45.0,48.0,200.0,53.0,47.0,48.0,68.0,40.0,123.0,86.0,87.0,51.0,100.0,101.0,532.0,431.0,716.0,846.0,887.0,3.0,4.0,539.0,510.0,601.0,688.0,1244.0,739.0,498.0,967.0,913.0,915.0,621.0,928.0,538.0,729.0,264.0,299.0,358.0,274.0,327.0,316.0,273.0,178.0,222.0,243.0,207.0,111.0,220.0,211.0,111.0,115.0,139.0,155.0,142.0,226.0,131.0,78.0,164.0,115.0,80.0,92.0,425.0,606.0,698.0,564.0,685.0,470.0,344.0,511.0,338.0,553.0,511.0,387.0,404.0,266.0,170.0,347.0,343.0,414.0,268.0,142.0,351.0,428.0,291.0,183.0,224.0,383.0,232.0,105.0,380.0,306.0,361.0,221.0,136.0,490.0,246.0,237.0,147.0,196.0,286.0,267.0,194.0,84.0,104.0,136.0,136.0,78.0,96.0,212.0,87.0,51.0,62.0,80.0,77.0,86.0,211.0,128.0,95.0,71.0,90.0,76.0,64.0,26.0,56.0,25.0,231.0,106.0,69.0,68.0,63.0,115.0,92.0,159.0,35.0,69.0,91.0,66.0,30.0,180.0,60.0,89.0,39.0,104.0,64.0,102.0,119.0,63.0,36.0,63.0,87.0,64.0,52.0,245.0,47.0,52.0,65.0,80.0,82.0,84.0,46.0,54.0,73.0,145.0,89.0,70.0,103.0,120.0,50.0,214.0,88.0,89.0,74.0,151.0,80.0
138.0,41.0,45.0,61.0,89.0,159.0,61.0,124.0,94.0,47.0,70.0,32.0,74.0,65.0,82.0,46.0,236.0,59.0,137.0,97.0,52.0,43.0,32.0,220.0,28.0,88.0,54.0,71.0,83.0,71.0,38.0,83.0,40.0,58.0,41.0,142.0,28.0,20.0,49.0,74.0,127.0,113.0,62.0,588.0,663.0,846.0,0.0,0.0,1649.0,277.0,354.0,505.0,553.0,773.0,821.0,663.0,848.0,916.0,1582.0,1086.0,492.0,560.0,666.0,490.0,356.0,330.0,399.0,463.0,519.0,351.0,470.0,265.0,388.0,218.0,238.0,179.0,161.0,105.0,139.0,320.0,157.0,91.0,96.0,87.0,138.0,225.0,151.0,70.0,115.0,97.0,188.0,247.0,776.0,421.0,336.0,1046.0,368.0,394.0,344.0,515.0,245.0,420.0,390.0,335.0,382.0,441.0,333.0,372.0,464.0,279.0,386.0,223.0,407.0,513.0,253.0,353.0,429.0,200.0,298.0,393.0,329.0,255.0,241.0,400.0,326.0,271.0,227.0,286.0,252.0,235.0,279.0,391.0,255.0,368.0,212.0,235.0,248.0,193.0,108.0,110.0,107.0,68.0,192.0,107.0,82.0,158.0,54.0,49.0,41.0,58.0,111.0,67.0,56.0,264.0,86.0,122.0,99.0,156.0,64.0,53.0,68.0,121.0,26.0,30.0,103.0,213.0,115.0,58.0,64.0,42.0,78.0,47.0,59.0,246.0,67.0,87.0,62.0,110.0,65.0,77.0,174.0,74.0,81.0,62.0,133.0,94.0,60.0,55.0,49.0,106.0,50.0,73.0,32.0,96.0,73.0,43.0,39.0,41.0,264.0,84.0
70.0,131.0,77.0,94.0,31.0,92.0,43.0,27.0,199.0,85.0,52.0,53.0,100.0,58.0,84.0,96.0,43.0,251.0,139.0,51.0,78.0,57.0,35.0,96.0,50.0,81.0,64.0,59.0,95.0,130.0,72.0,38.0,51.0,79.0,49.0,58.0,73.0,200.0,70.0,52.0,53.0,222.0,109.0,118.0,200.0,191.0,803.0,891.0,838.0,1028.0,0.0,0.0,714.0,543.0,617.0,427.0,722.0,866.0,1086.0,0.0,1598.0,671.0,758.0,513.0,960.0,1263.0,583.0,482.0,525.0,276.0,189.0,235.0,230.0,267.0,169.0,219.0,202.0,228.0,148.0,170.0,251.0,122.0,153.0,131.0,125.0,138.0,132.0,78.0,196.0,96.0,106.0,156.0,244.0,234.0,580.0,174.0,0.0,330.0,119.0,220.0,363.0,460.0,284.0,332.0,191.0,309.0,301.0,63.0,536.0,247.0,263.0,402.0,227.0,541.0,142.0,527.0,225.0,321.0,372.0,228.0,353.0,207.0,140.0,74.0,433.0,175.0,300.0,159.0,81.0,306.0,301.0,238.0,296.0,42.0,207.0,370.0,274.0,171.0,149.0,284.0,54.0,65.0,67.0,120.0,35.0,45.0,43.0,230.0,72.0,52.0,76.0,131.0,27.0,170.0,46.0,81.0,63.0,113.0,155.0,75.0,105.0,52.0,54.0,82.0,48.0,59.0,45.0,185.0,44.0,27.0,47.0,97.0,280.0,33.0,118.0,70.0,65.0,22.0,56.0,46.0,205.0,92.0,58.0,70.0,176.0,31.0,133.0,71.0,59.0,134.0,81.0,34.0,66.0,45.0,67.0,202.0,54.0,77.0,52.0,51.0
54.0,26.0,69.0,31.0,46.0,233.0,79.0,51.0,20.0,50.0,45.0,65.0,52.0,63.0,89.0,267.0,42.0,63.0,56.0,121.0,168.0,54.0,18.0,87.0,75.0,85.0,77.0,92.0,104.0,77.0,82.0,60.0,149.0,88.0,79.0,108.0,187.0,203.0,310.0,496.0,736.0,665.0,831.0,491.0,114.0,0.0,913.0,596.0,1227.0,934.0,1419.0,1338.0,479.0,847.0,814.0,831.0,784.0,655.0,724.0,525.0,436.0,327.0,249.0,309.0,487.0,361.0,387.0,323.0,190.0,319.0,214.0,115.0,178.0,189.0,127.0,297.0,122.0,107.0,97.0,83.0,87.0,238.0,99.0,105.0,111.0,89.0,107.0,109.0,434.0,930.0,0.0,15.0,766.0,414.0,282.0,424.0,607.0,375.0,541.0,484.0,133.0,338.0,471.0,317.0,490.0,416.0,259.0,489.0,335.0,295.0,454.0,431.0,135.0,515.0,480.0,220.0,277.0,357.0,297.0,245.0,262.0,312.0,180.0,271.0,273.0,295.0,361.0,168.0,386.0,388.0,272.0,159.0,256.0,368.0,221.0,104.0,184.0,67.0,103.0,87.0,115.0,38.0,130.0,120.0,55.0,36.0,35.0,129.0,224.0,95.0,99.0,62.0,81.0,52.0,38.0,56.0,50.0,213.0,98.0,41.0,59.0,51.0,73.0,94.0,50.0,84.0,25.0,18.0,244.0,137.0,44.0,69.0,116.0,56.0,61.0,42.0,46.0,217.0,72.0,148.0,47.0,74.0,70.0,217.0,158.0,90.0,53.0,82.0,53.0,69.0,251.0,131.0,68.0,70.0,62.0,45.0,79.0,64.0,82.0,224.0
31.0,73.0,86.0,88.0,66.0,66.0,142.0,110.0,79.0,50.0,131.0,122.0,93.0,66.0,42.0,73.0,38.0,135.0,61.0,118.0,40.0,76.0,101.0,91.0,222.0,40.0,69.0,41.0,100.0,304.0,101.0,59.0,65.0,68.0,38.0,56.0,523.0,490.0,2.0,0.0,0.0,1864.0,99.0,376.0,359.0,432.0,411.0,663.0,703.0,800.0,601.0,714.0,828.0,882.0,1495.0,1458.0,572.0,391.0,328.0,271.0,236.0,346.0,389.0,492.0,315.0,356.0,235.0,252.0,176.0,121.0,340.0,188.0,185.0,142.0,172.0,264.0,101.0,73.0,181.0,101.0,127.0,84.0,120.0,339.0,993.0,2.0,1333.0,572.0,767.0,472.0,783.0,839.0,520.0,551.0,748.0,448.0,449.0,576.0,381.0,719.0,1003.0,1.0,0.0,839.0,19.0,81.0,234.0,28.0,236.0,314.0,140.0,223.0,274.0,312.0,345.0,219.0,384.0,474.0,310.0,246.0,368.0,503.0,413.0,269.0,253.0,397.0,414.0,269.0,200.0,137.0,370.0,384.0,328.0,379.0,57.0,126.0,79.0,197.0,128.0,93.0,42.0,85.0,60.0,264.0,26.0,39.0,70.0,145.0,55.0,32.0,98.0,177.0,59.0,70.0,40.0,49.0,99.0,56.0,60.0,18.0,75.0,56.0,60.0,173.0,56.0,95.0,82.0,96.0,246.0,83.0,47.0,77.0,107.0,66.0,245.0,178.0,135.0,126.0,121.0,61.0,74.0,216.0,73.0,44.0,97.0,30.0,52.0,63.0,57.0,211.0,99.0,72.0,118.0,74.0,36.0,191.0,85.0,69.0,44.0,59.0
93.0,97.0,37.0,40.0,179.0,58.0,100.0,54.0,45.0,104.0,61.0,108.0,203.0,58.0,55.0,110.0,70.0,190.0,98.0,67.0,79.0,34.0,52.0,98.0,61.0,18.0,55.0,83.0,32.0,291.0,90.0,75.0,53.0,58.0,91.0,31.0,40.0,67.0,249.0,91.0,31.0,60.0,71.0,547.0,746.0,371.0,149.0,2.0,1234.0,510.0,254.0,488.0,566.0,722.0,1398.0,1372.0,299.0,636.0,858.0,783.0,724.0,437.0,322.0,186.0,181.0,198.0,198.0,189.0,262.0,246.0,321.0,345.0,228.0,250.0,177.0,195.0,238.0,119.0,179.0,164.0,145.0,139.0,79.0,127.0,116.0,66.0,96.0,73.0,137.0,93.0,318.0,522.0,0.0,1.0,479.0,257.0,259.0,258.0,384.0,437.0,347.0,349.0,233.0,232.0,384.0,601.0,212.0,613.0,549.0,178.0,513.0,480.0,302.0,427.0,400.0,431.0,295.0,292.0,469.0,485.0,357.0,260.0,350.0,461.0,259.0,305.0,233.0,265.0,428.0,310.0,204.0,302.0,286.0,491.0,204.0,165.0,233.0,438.0,324.0,152.0,340.0,199.0,186.0,85.0,127.0,109.0,46.0,47.0,67.0,126.0,62.0,88.0,273.0,47.0,53.0,65.0,77.0,77.0,44.0,59.0,175.0,76.0,66.0,98.0,98.0,96.0,94.0,57.0,175.0,79.0,57.0,31.0,38.0,101.0,57.0,80.0,72.0,52.0,135.0,58.0,77.0,95.0,52.0,66.0,40.0,68.0,41.0,79.0,30.0,233.0,51.0,66.0,101.0,95.0,85.0,68.0,68.0,60.0,197.0,51.0
107.0,58.0,35.0,211.0,92.0,37.0,61.0,62.0,41.0,155.0,53.0,72.0,85.0,88.0,34.0,84.0,176.0,85.0,55.0,67.0,44.0,37.0,42.0,38.0,52.0,28.0,32.0,146.0,69.0,45.0,76.0,55.0,49.0,44.0,51.0,90.0,157.0,143.0,400.0,681.0,899.0,0.0,15.0,1732.0,437.0,526.0,384.0,1401.0,861.0,814.0,1620.0,801.0,922.0,955.0,624.0,932.0,788.0,568.0,332.0,355.0,234.0,331.0,216.0,229.0,295.0,111.0,173.0,319.0,185.0,73.0,148.0,199.0,102.0,84.0,64.0,89.0,72.0,76.0,120.0,203.0,84.0,113.0,116.0,143.0,244.0,93.0,84.0,603.0,442.0,786.0,974.0,0.0,0.0,1342.0,59.0,79.0,149.0,114.0,229.0,327.0,104.0,269.0,292.0,112.0,322.0,394.0,105.0,236.0,397.0,287.0,269.0,273.0,350.0,313.0,185.0,197.0,296.0,213.0,140.0,410.0,264.0,207.0,214.0,222.0,211.0,334.0,114.0,108.0,103.0,110.0,143.0,80.0,26.0,192.0,50.0,82.0,82.0,76.0,74.0,58.0,91.0,73.0,53.0,51.0,30.0,236.0,53.0,71.0,117.0,64.0,35.0,56.0,38.0,41.0,62.0,231.0,83.0,60.0,95.0,51.0,225.0,98.0,51.0,86.0,77.0,94.0,57.0,32.0,88.0,218.0,55.0,65.0,128.0,40.0,110.0,156.0,67.0,67.0,73.0,43.0,57.0,45.0,43.0,59.0,142.0,128.0,42.0,53.0,56.0,80.0,51.0,24.0,52.0,146.0,31.0,53.0,171.0,78.0,20.0,57.0
84.0,49.0,125.0,76.0,85.0,99.0,67.0,44.0,50.0,86.0,268.0,85.0,96.0,120.0,44.0,71.0,32.0,91.0,94.0,236.0,92.0,21.0,179.0,54.0,54.0,36.0,83.0,103.0,40.0,111.0,56.0,56.0,80.0,38.0,130.0,85.0,73.0,45.0,69.0,203.0,114.0,119.0,539.0,726.0,918.0,15.0,0.0,1888.0,269.0,404.0,320.0,637.0,735.0,1067.0,545.0,1080.0,1251.0,1119.0,859.0,1056.0,917.0,703.0,544.0,302.0,264.0,292.0,417.0,390.0,396.0,283.0,343.0,343.0,324.0,174.0,212.0,165.0,187.0,108.0,238.0,169.0,166.0,172.0,198.0,116.0,152.0,96.0,96.0,246.0,110.0,106.0,90.0,346.0,854.0,949.0,0.0,1335.0,286.0,315.0,342.0,266.0,340.0,476.0,430.0,342.0,605.0,544.0,212.0,449.0,564.0,178.0,531.0,507.0,209.0,495.0,390.0,251.0,384.0,400.0,373.0,263.0,264.0,265.0,301.0,463.0,328.0,205.0,281.0,268.0,528.0,208.0,218.0,213.0,348.0,434.0,170.0,189.0,100.0,386.0,190.0,165.0,100.0,94.0,108.0,155.0,127.0,94.0,272.0,79.0,62.0,38.0,128.0,98.0,95.0,129.0,80.0,89.0,262.0,42.0,34.0,51.0,87.0,57.0,248.0,48.0,54.0,90.0,36.0,80.0,60.0,40.0,183.0,131.0,70.0,117.0,83.0,53.0,75.0,242.0,29.0,68.0,79.0,46.0,66.0,67.0,51.0,48.0,102.0,26.0,48.0,112.0,90.0,88.0,175.0,24.0,93.0,98.0,96.0,51.0,106.0,301.0
80.0,62.0,62.0,34.0,290.0,55.0,53.0,39.0,73.0,84.0,47.0,78.0,60.0,73.0,63.0,84.0,35.0,55.0,212.0,71.0,60.0,110.0,56.0,60.0,53.0,33.0,42.0,49.0,58.0,46.0,160.0,68.0,67.0,102.0,156.0,67.0,52.0,51.0,519.0,852.0,1176.0,241.0,414.0,539.0,741.0,699.0,823.0,822.0,1552.0,641.0,720.0,953.0,1189.0,1475.0,662.0,603.0,473.0,384.0,406.0,453.0,458.0,426.0,455.0,398.0,352.0,357.0,283.0,302.0,151.0,262.0,193.0,166.0,118.0,63.0,255.0,127.0,129.0,106.0,125.0,84.0,288.0,121.0,548.0,854.0,15.0,574.0,539.0,558.0,676.0,639.0,535.0,510.0,623.0,515.0,453.0,524.0,648.0,612.0,409.0,557.0,775.0,0.0,0.0,15.0,1788.0,50.0,32.0,109.0,81.0,233.0,231.0,209.0,272.0,184.0,299.0,351.0,331.0,254.0,357.0,422.0,333.0,369.0,155.0,362.0,225.0,291.0,193.0,111.0,270.0,126.0,149.0,139.0,100.0,272.0,102.0,91.0,117.0,232.0,109.0,47.0,46.0,67.0,83.0,94.0,121.0,57.0,74.0,51.0,159.0,150.0,64.0,52.0,73.0,50.0,64.0,56.0,91.0,71.0,202.0,111.0,140.0,171.0,72.0,91.0,79.0,30.0,84.0,219.0,38.0,72.0,123.0,149.0,50.0,98.0,56.0,111.0,49.0,55.0,117.0,237.0,41.0,183.0,107.0,86.0,50.0,66.0,77.0,63.0,249.0,60.0,56.0,45.0,47.0,55.0,138.0,86.0,38.0,195.0,89.0,75.0
85.0,237.0,58.0,31.0,52.0,65.0,72.0,51.0,60.0,145.0,86.0,111.0,56.0,98.0,41.0,83.0,65.0,57.0,244.0,125.0,57.0,58.0,24.0,51.0,120.0,45.0,62.0,114.0,95.0,61.0,33.0,55.0,65.0,56.0,78.0,37.0,179.0,87.0,45.0,54.0,433.0,595.0,748.0,652.0,2.0,15.0,522.0,493.0,576.0,705.0,730.0,457.0,837.0,1294.0,1270.0,1326.0,691.0,982.0,861.0,859.0,451.0,920.0,677.0,697.0,423.0,419.0,466.0,461.0,449.0,374.0,348.0,236.0,239.0,287.0,234.0,261.0,193.0,228.0,240.0,155.0,147.0,81.0,137.0,136.0,93.0,68.0,82.0,141.0,63.0,71.0,396.0,409.0,916.0,242.0,302.0,362.0,276.0,389.0,483.0,276.0,564.0,340.0,442.0,333.0,260.0,437.0,396.0,247.0,255.0,399.0,420.0,315.0,252.0,433.0,387.0,252.0,289.0,144.0,597.0,265.0,209.0,272.0,280.0,290.0,222.0,338.0,156.0,427.0,309.0,121.0,170.0,68.0,109.0,101.0,70.0,87.0,48.0,105.0,73.0,95.0,67.0,33.0,223.0,54.0,51.0,66.0,39.0,83.0,77.0,248.0,64.0,74.0,87.0,37.0,38.0,217.0,76.0,36.0,91.0,51.0,57.0,228.0,39.0,65.0,60.0,40.0,107.0,65.0,30.0,239.0,66.0,71.0,42.0,69.0,65.0,53.0,70.0,52.0,57.0,94.0,33.0,192.0,73.0,90.0,79.0,58.0,25.0,49.0,43.0,85.0,44.0,40.0,63.0,126.0,78.0,53.0,112.0,30.0,87.0,305.0
48.0,170.0,37.0,87.0,56.0,88.0,169.0,67.0,90.0,39.0,68.0,109.0,92.0,32.0,66.0,55.0,274.0,77.0,73.0,111.0,89.0,52.0,58.0,251.0,31.0,79.0,48.0,52.0,46.0,109.0,28.0,89.0,39.0,63.0,261.0,85.0,73.0,163.0,86.0,59.0,107.0,216.0,507.0,760.0,701.0,1074.0,15.0,2.0,1880.0,347.0,586.0,366.0,746.0,912.0,907.0,669.0,1131.0,876.0,861.0,756.0,709.0,609.0,379.0,329.0,276.0,394.0,202.0,384.0,315.0,349.0,143.0,217.0,143.0,242.0,62.0,118.0,77.0,108.0,73.0,179.0,101.0,95.0,229.0,70.0,109.0,122.0,113.0,107.0,910.0,1.0,1544.0,425.0,284.0,495.0,470.0,312.0,475.0,597.0,311.0,580.0,360.0,542.0,470.0,291.0,445.0,365.0,375.0,479.0,261.0,520.0,385.0,236.0,468.0,199.0,642.0,399.0,275.0,284.0,297.0,690.0,286.0,417.0,199.0,222.0,499.0,225.0,426.0,160.0,202.0,218.0,228.0,550.0,184.0,193.0,199.0,249.0,135.0,49.0,82.0,86.0,82.0,218.0,118.0,99.0,87.0,39.0,62.0,41.0,58.0,175.0,60.0,71.0,29.0,56.0,113.0,57.0,47.0,39.0,199.0,99.0,93.0,71.0,30.0,58.0,69.0,47.0,78.0,42.0,249.0,44.0,55.0,97.0,101.0,60.0,36.0,47.0,75.0,64.0,41.0,131.0,51.0,76.0,44.0,54.0,53.0,145.0,106.0,118.0,58.0,59.0,66.0,103.0,37.0,20.0,59.0,139.0,60.0,45.0,45.0,42.0
84.0,59.0,59.0,63.0,42.0,67.0,27.0,78.0,59.0,91.0,282.0,60.0,88.0,64.0,169.0,76.0,71.0,89.0,74.0,96.0,77.0,103.0,70.0,27.0,21.0,219.0,44.0,58.0,36.0,48.0,67.0,156.0,114.0,71.0,78.0,55.0,23.0,58.0,91.0,49.0,279.0,56.0,72.0,53.0,42.0,36.0,112.0,113.0,27.0,70.0,89.0,511.0,1052.0,0.0,0.0,1819.0,225.0,191.0,208.0,625.0,894.0,348.0,1018.0,829.0,814.0,601.0,933.0,973.0,795.0,689.0,1031.0,1104.0,501.0,486.0,286.0,212.0,348.0,317.0,292.0,310.0,368.0,222.0,308.0,225.0,204.0,178.0,166.0,280.0,124.0,232.0,202.0,201.0,169.0,150.0,210.0,104.0,73.0,130.0,116.0,113.0,569.0,462.0,886.0,273.0,485.0,362.0,330.0,485.0,401.0,233.0,406.0,413.0,248.0,326.0,149.0,403.0,302.0,189.0,522.0,180.0,531.0,216.0,313.0,489.0,257.0,567.0,112.0,549.0,226.0,341.0,352.0,226.0,441.0,178.0,335.0,258.0,374.0,227.0,213.0,138.0,108.0,364.0,105.0,128.0,95.0,170.0,347.0,177.0,103.0,105.0,106.0,85.0,73.0,72.0,74.0,54.0,244.0,68.0,69.0,61.0,33.0,56.0,62.0,42.0,260.0,123.0,132.0,70.0,61.0,128.0,158.0,109.0,101.0,73.0,74.0,103.0,126.0,139.0,78.0,31.0,48.0,77.0,33.0,247.0,50.0,78.0,41.0,61.0,69.0,40.0,55.0,55.0,262.0,50.0,100.0,160.0,39.0,71.0,80.0,38.0
