94.0,73.0,98.0,143.0,72.0,58.0,104.0,38.0,82.0,38.0,48.0,252.0,56.0,37.0,66.0,58.0,36.0,159.0,74.0,46.0,46.0,92.0,39.0,63.0,76.0,27.0,47.0,186.0,58.0,68.0,98.0,63.0,86.0,109.0,60.0,205.0,61.0,101.0,50.0,117.0,69.0,257.0,78.0,38.0,53.0,90.0,68.0,48.0,60.0,121.0,116.0,258.0,76.0,206.0,141.0,44.0,81.0,42.0,51.0,41.0,43.0,226.0,62.0,72.0,67.0,86.0,49.0,322.0,95.0,104.0,103.0,39.0,72.0,79.0,43.0,250.0,53.0,73.0,105.0,64.0,59.0,27.0,52.0,196.0,66.0,110.0,28.0,96.0,218.0,131.0,29.0,112.0,73.0,37.0,247.0,69.0,50.0,39.0,90.0,35.0,109.0,103.0,36.0,37.0,66.0,47.0,250.0,86.0,36.0,49.0,41.0,49.0,39.0,173.0,20.0,53.0,19.0,69.0,82.0,82.0,70.0,233.0,56.0,79.0,127.0,121.0,52.0,65.0,98.0,49.0,53.0,55.0,92.0,229.0,59.0,60.0,59.0,111.0,72.0,99.0,53.0,46.0,98.0,47.0,202.0,88.0,119.0,82.0,74.0,54.0,74.0,87.0,75.0,78.0,160.0,106.0,91.0,55.0,51.0,83.0,68.0,91.0,33.0,94.0,202.0,69.0,66.0,61.0,57.0,28.0,77.0,114.0,185.0,112.0,36.0,45.0,42.0,80.0,172.0,42.0,71.0,64.0,61.0,93.0,53.0,68.0,47.0,46.0,245.0,71.0,110.0,42.0,42.0,44.0,83.0,266.0,109.0,57.0,43.0,106.0
101.0,64.0,57.0,85.0,65.0,57.0,156.0,70.0,72.0,49.0,70.0,88.0,56.0,107.0,64.0,23.0,154.0,89.0,62.0,83.0,62.0,72.0,61.0,44.0,137.0,58.0,108.0,90.0,138.0,90.0,35.0,60.0,54.0,76.0,82.0,106.0,40.0,52.0,248.0,56.0,41.0,86.0,59.0,36.0,97.0,71.0,24.0,38.0,187.0,77.0,46.0,64.0,28.0,50.0,64.0,54.0,257.0,87.0,61.0,46.0,75.0,39.0,80.0,134.0,22.0,184.0,98.0,134.0,74.0,60.0,68.0,84.0,151.0,46.0,84.0,82.0,125.0,82.0,45.0,32.0,54.0,448.0,377.0,96.0,121.0,225.0,138.0,180.0,209.0,158.0,195.0,339.0,1269.0,1425.0,1151.0,1053.0,1181.0,1138.0,1208.0,1261.0,859.0,992.0,910.0,1125.0,945.0,1229.0,1143.0,1142.0,1053.0,1439.0,1172.0,853.0,848.0,863.0,1313.0,1298.0,1083.0,1305.0,1167.0,704.0,854.0,759.0,741.0,865.0,766.0,678.0,541.0,221.0,445.0,597.0,882.0,0.0,1.0,420.0,64.0,85.0,69.0,154.0,142.0,215.0,281.0,231.0,416.0,514.0,582.0,862.0,851.0,852.0,0.0,1371.0,408.0,242.0,444.0,525.0,184.0,470.0,421.0,411.0,551.0,289.0,541.0,604.0,251.0,524.0,512.0,392.0,410.0,413.0,550.0,207.0,171.0,448.0,562.0,298.0,228.0,504.0,399.0,251.0,302.0,496.0,225.0,385.0,329.0,131.0,345.0,288.0,523.0,287.0,297.0,230.0,165.0,462.0,210.0,328.0,131.0,207.0,163.0,182.0,245.0,209.0
68.0,178.0,84.0,70.0,84.0,56.0,81.0,97.0,115.0,64.0,266.0,101.0,64.0,105.0,40.0,36.0,105.0,42.0,78.0,46.0,199.0,51.0,60.0,72.0,56.0,157.0,110.0,65.0,54.0,23.0,34.0,109.0,86.0,98.0,66.0,45.0,33.0,165.0,258.0,128.0,96.0,71.0,129.0,118.0,1064.0,0.0,1070.0,1384.0,1517.0,1422.0,1175.0,1548.0,921.0,847.0,833.0,824.0,485.0,934.0,1095.0,1025.0,1011.0,1037.0,1452.0,1377.0,882.0,967.0,811.0,1277.0,986.0,1282.0,1327.0,1028.0,1047.0,738.0,831.0,602.0,539.0,524.0,374.0,506.0,658.0,585.0,312.0,596.0,297.0,384.0,389.0,345.0,224.0,286.0,353.0,381.0,209.0,359.0,588.0,548.0,340.0,1.0,2.0,1693.0,251.0,265.0,275.0,368.0,407.0,260.0,326.0,334.0,181.0,212.0,279.0,308.0,414.0,258.0,407.0,488.0,147.0,585.0,556.0,212.0,438.0,551.0,412.0,264.0,351.0,472.0,439.0,261.0,422.0,356.0,384.0,263.0,274.0,355.0,245.0,507.0,364.0,225.0,351.0,315.0,441.0,275.0,159.0,509.0,352.0,384.0,220.0,326.0,273.0,248.0,456.0,310.0,349.0,185.0,437.0,221.0,136.0,141.0,73.0,77.0,94.0,75.0,108.0,73.0,48.0,66.0,30.0,161.0,100.0,110.0,83.0,34.0,56.0,104.0,31.0,83.0,84.0,50.0,81.0,79.0,69.0,54.0,74.0,77.0,32.0,54.0,26.0,67.0,112.0,71.0,37.0,83.0,72.0,83.0,71.0,51.0,49.0,172.0,64.0,70.0
233.0,61.0,44.0,42.0,107.0,76.0,77.0,48.0,40.0,210.0,86.0,36.0,43.0,54.0,50.0,74.0,76.0,119.0,133.0,46.0,91.0,129.0,54.0,106.0,51.0,90.0,83.0,83.0,265.0,82.0,87.0,90.0,224.0,60.0,65.0,22.0,60.0,265.0,167.0,87.0,79.0,102.0,110.0,74.0,210.0,435.0,891.0,0.0,1576.0,990.0,1118.0,871.0,1276.0,912.0,566.0,598.0,596.0,315.0,546.0,703.0,733.0,892.0,827.0,1080.0,1501.0,1615.0,1031.0,896.0,930.0,774.0,851.0,916.0,864.0,707.0,569.0,717.0,638.0,650.0,532.0,328.0,499.0,462.0,667.0,536.0,791.0,722.0,786.0,571.0,584.0,278.0,372.0,203.0,280.0,293.0,532.0,549.0,606.0,96.0,1146.0,504.0,431.0,536.0,598.0,358.0,649.0,640.0,371.0,568.0,550.0,291.0,482.0,595.0,320.0,567.0,674.0,258.0,486.0,430.0,475.0,414.0,442.0,354.0,508.0,270.0,311.0,569.0,471.0,350.0,290.0,499.0,356.0,174.0,284.0,405.0,488.0,313.0,201.0,458.0,337.0,302.0,211.0,180.0,228.0,290.0,285.0,254.0,256.0,117.0,222.0,219.0,342.0,223.0,86.0,355.0,213.0,175.0,111.0,144.0,141.0,168.0,175.0,48.0,273.0,81.0,39.0,109.0,46.0,61.0,36.0,208.0,43.0,76.0,76.0,51.0,80.0,60.0,89.0,68.0,182.0,30.0,21.0,86.0,119.0,55.0,79.0,65.0,63.0,50.0,206.0,90.0,95.0,116.0,205.0,70.0,57.0,61.0,27.0,49.0,159.0,69.0
134.0,104.0,56.0,54.0,93.0,200.0,54.0,50.0,70.0,79.0,66.0,32.0,59.0,237.0,86.0,52.0,78.0,64.0,66.0,42.0,27.0,66.0,53.0,151.0,66.0,46.0,44.0,58.0,64.0,82.0,85.0,46.0,102.0,152.0,66.0,64.0,46.0,80.0,64.0,63.0,217.0,201.0,317.0,73.0,73.0,81.0,92.0,100.0,87.0,664.0,0.0,1558.0,1097.0,1018.0,1133.0,642.0,989.0,1102.0,1187.0,1125.0,804.0,768.0,762.0,1041.0,1518.0,1165.0,687.0,762.0,1071.0,1145.0,911.0,1468.0,1236.0,1084.0,687.0,762.0,527.0,747.0,618.0,536.0,1304.0,0.0,1072.0,149.0,201.0,187.0,283.0,375.0,362.0,370.0,202.0,158.0,184.0,236.0,279.0,218.0,196.0,173.0,179.0,255.0,117.0,190.0,260.0,276.0,805.0,411.0,932.0,954.0,0.0,0.0,1771.0,240.0,156.0,280.0,385.0,310.0,226.0,365.0,570.0,280.0,507.0,503.0,211.0,405.0,466.0,279.0,428.0,379.0,386.0,532.0,323.0,467.0,444.0,243.0,409.0,384.0,209.0,199.0,353.0,224.0,254.0,319.0,317.0,288.0,210.0,284.0,280.0,322.0,210.0,266.0,316.0,377.0,238.0,160.0,346.0,459.0,309.0,297.0,155.0,300.0,244.0,123.0,114.0,73.0,166.0,262.0,127.0,75.0,106.0,166.0,92.0,59.0,115.0,79.0,49.0,65.0,89.0,158.0,53.0,100.0,72.0,63.0,154.0,63.0,130.0,53.0,103.0,87.0,85.0,226.0,46.0,79.0,49.0,31.0,45.0,112.0,59.0,32.0,160.0,66.0
71.0,149.0,75.0,50.0,170.0,107.0,49.0,26.0,74.0,78.0,179.0,54.0,75.0,70.0,68.0,43.0,235.0,162.0,46.0,46.0,57.0,58.0,238.0,97.0,73.0,87.0,50.0,137.0,90.0,107.0,195.0,79.0,47.0,162.0,73.0,96.0,83.0,110.0,164.0,81.0,58.0,106.0,88.0,75.0,112.0,405.0,849.0,0.0,1633.0,567.0,716.0,1029.0,944.0,713.0,830.0,1055.0,1087.0,1142.0,618.0,891.0,1220.0,1500.0,1365.0,938.0,559.0,976.0,1382.0,1036.0,1190.0,1567.0,1433.0,666.0,863.0,612.0,445.0,598.0,577.0,529.0,205.0,524.0,434.0,692.0,587.0,730.0,445.0,448.0,260.0,241.0,219.0,211.0,332.0,292.0,368.0,227.0,299.0,593.0,626.0,564.0,543.0,640.0,945.0,0.0,1753.0,361.0,227.0,484.0,384.0,273.0,403.0,436.0,155.0,472.0,561.0,163.0,454.0,413.0,228.0,455.0,418.0,310.0,377.0,258.0,328.0,529.0,333.0,343.0,382.0,485.0,333.0,236.0,308.0,225.0,474.0,240.0,83.0,477.0,233.0,216.0,223.0,367.0,256.0,171.0,422.0,194.0,256.0,393.0,312.0,259.0,151.0,263.0,309.0,227.0,209.0,285.0,402.0,173.0,75.0,255.0,157.0,101.0,107.0,47.0,61.0,81.0,53.0,282.0,85.0,69.0,48.0,90.0,162.0,49.0,126.0,54.0,84.0,57.0,55.0,130.0,142.0,74.0,93.0,77.0,76.0,41.0,53.0,72.0,211.0,124.0,92.0,67.0,38.0,96.0,224.0,78.0,54.0,43.0,101.0,61.0,90.0,31.0
38.0,32.0,283.0,78.0,43.0,50.0,78.0,112.0,163.0,124.0,36.0,71.0,103.0,52.0,177.0,99.0,79.0,61.0,80.0,87.0,68.0,65.0,80.0,55.0,30.0,245.0,80.0,53.0,116.0,34.0,102.0,38.0,230.0,97.0,109.0,75.0,48.0,151.0,60.0,75.0,338.0,116.0,127.0,81.0,65.0,76.0,84.0,124.0,102.0,741.0,248.0,760.0,504.0,841.0,1328.0,1136.0,570.0,457.0,754.0,738.0,759.0,749.0,996.0,1233.0,882.0,721.0,1126.0,867.0,918.0,1067.0,1091.0,1691.0,911.0,738.0,644.0,650.0,465.0,559.0,603.0,755.0,532.0,784.0,709.0,715.0,672.0,699.0,586.0,556.0,424.0,497.0,347.0,283.0,344.0,293.0,224.0,399.0,405.0,479.0,474.0,539.0,575.0,525.0,770.0,901.0,0.0,1735.0,243.0,217.0,318.0,344.0,256.0,468.0,454.0,298.0,527.0,503.0,286.0,467.0,381.0,458.0,468.0,232.0,273.0,379.0,340.0,401.0,318.0,417.0,350.0,241.0,334.0,208.0,596.0,363.0,153.0,382.0,198.0,452.0,269.0,189.0,234.0,268.0,220.0,215.0,308.0,298.0,237.0,279.0,240.0,124.0,237.0,296.0,382.0,198.0,125.0,102.0,168.0,65.0,74.0,242.0,89.0,50.0,79.0,54.0,40.0,54.0,75.0,81.0,277.0,33.0,54.0,127.0,39.0,22.0,96.0,213.0,66.0,69.0,54.0,81.0,99.0,43.0,252.0,82.0,50.0,111.0,63.0,234.0,118.0,52.0,102.0,62.0,64.0,71.0,115.0,65.0,85.0,211.0,68.0,47.0
47.0,68.0,70.0,100.0,75.0,44.0,88.0,242.0,64.0,66.0,73.0,84.0,48.0,206.0,77.0,49.0,138.0,61.0,97.0,47.0,53.0,103.0,92.0,241.0,69.0,101.0,103.0,89.0,68.0,24.0,239.0,113.0,88.0,91.0,26.0,43.0,61.0,253.0,181.0,122.0,88.0,97.0,73.0,143.0,322.0,136.0,202.0,579.0,616.0,0.0,842.0,445.0,211.0,562.0,561.0,641.0,729.0,689.0,593.0,1005.0,1017.0,1082.0,1052.0,961.0,937.0,984.0,684.0,871.0,961.0,1210.0,1167.0,1.0,1091.0,481.0,360.0,335.0,262.0,414.0,446.0,687.0,509.0,721.0,660.0,614.0,438.0,489.0,354.0,253.0,377.0,211.0,332.0,494.0,559.0,645.0,770.0,821.0,749.0,739.0,873.0,849.0,649.0,694.0,661.0,567.0,512.0,679.0,752.0,556.0,498.0,482.0,390.0,548.0,524.0,375.0,398.0,523.0,291.0,524.0,356.0,15.0,0.0,0.0,3.0,87.0,15.0,46.0,61.0,131.0,194.0,129.0,213.0,250.0,179.0,253.0,117.0,267.0,238.0,347.0,304.0,278.0,220.0,145.0,171.0,82.0,284.0,129.0,118.0,67.0,114.0,48.0,155.0,103.0,72.0,44.0,34.0,37.0,223.0,47.0,39.0,110.0,50.0,39.0,64.0,64.0,129.0,33.0,47.0,107.0,50.0,68.0,99.0,41.0,167.0,129.0,100.0,65.0,119.0,86.0,76.0,91.0,106.0,60.0,86.0,91.0,288.0,30.0,38.0,126.0,132.0,51.0,54.0,62.0,43.0,211.0,59.0,45.0,123.0,140.0,164.0,71.0
56.0,58.0,41.0,39.0,50.0,50.0,74.0,29.0,36.0,268.0,36.0,52.0,50.0,38.0,67.0,69.0,80.0,34.0,208.0,67.0,57.0,130.0,85.0,194.0,46.0,55.0,71.0,65.0,19.0,67.0,37.0,204.0,36.0,39.0,35.0,52.0,195.0,157.0,95.0,99.0,71.0,58.0,170.0,126.0,100.0,398.0,489.0,1239.0,1359.0,0.0,657.0,648.0,1138.0,1172.0,1055.0,799.0,1153.0,1133.0,1094.0,912.0,1641.0,1326.0,852.0,1038.0,855.0,1017.0,586.0,584.0,605.0,632.0,676.0,561.0,427.0,530.0,556.0,499.0,456.0,600.0,640.0,687.0,621.0,588.0,351.0,359.0,359.0,303.0,271.0,206.0,384.0,283.0,385.0,429.0,554.0,689.0,545.0,0.0,630.0,454.0,476.0,657.0,372.0,778.0,648.0,421.0,573.0,474.0,493.0,443.0,605.0,0.0,3.0,1.0,1661.0,71.0,87.0,126.0,223.0,198.0,288.0,187.0,354.0,343.0,209.0,342.0,209.0,445.0,487.0,121.0,409.0,361.0,651.0,424.0,402.0,324.0,312.0,622.0,248.0,514.0,274.0,171.0,417.0,326.0,444.0,253.0,281.0,122.0,162.0,306.0,268.0,221.0,191.0,267.0,103.0,262.0,378.0,376.0,83.0,87.0,99.0,92.0,225.0,91.0,76.0,87.0,65.0,66.0,43.0,66.0,68.0,212.0,130.0,119.0,57.0,122.0,73.0,167.0,111.0,131.0,76.0,80.0,73.0,125.0,68.0,148.0,147.0,61.0,89.0,42.0,41.0,119.0,144.0,115.0,163.0,90.0,77.0,70.0,66.0,75.0,97.0,42.0
30.0,43.0,50.0,199.0,28.0,63.0,116.0,67.0,99.0,55.0,54.0,136.0,52.0,94.0,64.0,102.0,148.0,77.0,33.0,60.0,61.0,33.0,95.0,106.0,49.0,37.0,84.0,90.0,70.0,44.0,52.0,46.0,256.0,79.0,69.0,44.0,265.0,185.0,126.0,66.0,124.0,117.0,98.0,291.0,111.0,274.0,757.0,0.0,1347.0,844.0,971.0,976.0,975.0,602.0,1188.0,1149.0,1040.0,744.0,706.0,924.0,996.0,1060.0,1053.0,1084.0,1492.0,997.0,1032.0,850.0,1122.0,1152.0,710.0,637.0,663.0,586.0,716.0,593.0,802.0,480.0,741.0,771.0,903.0,621.0,763.0,393.0,534.0,466.0,386.0,314.0,195.0,291.0,258.0,190.0,143.0,161.0,171.0,324.0,143.0,168.0,559.0,1042.0,1.0,1363.0,449.0,481.0,434.0,809.0,627.0,500.0,856.0,501.0,625.0,554.0,677.0,405.0,490.0,391.0,123.0,187.0,314.0,177.0,263.0,263.0,282.0,400.0,133.0,326.0,276.0,533.0,411.0,180.0,572.0,324.0,538.0,412.0,269.0,446.0,199.0,472.0,189.0,350.0,366.0,149.0,431.0,206.0,541.0,276.0,369.0,196.0,293.0,259.0,106.0,373.0,152.0,332.0,218.0,157.0,130.0,215.0,150.0,85.0,290.0,84.0,92.0,46.0,104.0,78.0,57.0,50.0,74.0,66.0,234.0,32.0,62.0,47.0,140.0,80.0,70.0,82.0,65.0,48.0,71.0,81.0,76.0,74.0,76.0,62.0,278.0,91.0,75.0,59.0,101.0,75.0,68.0,47.0,57.0,162.0,60.0,39.0,137.0,92.0
56.0,73.0,36.0,50.0,207.0,115.0,48.0,85.0,50.0,48.0,59.0,75.0,166.0,69.0,72.0,95.0,81.0,58.0,90.0,232.0,110.0,131.0,59.0,80.0,39.0,48.0,31.0,58.0,188.0,78.0,80.0,42.0,73.0,48.0,83.0,54.0,91.0,163.0,67.0,50.0,285.0,209.0,65.0,66.0,68.0,97.0,95.0,82.0,79.0,237.0,147.0,525.0,413.0,1629.0,685.0,759.0,463.0,659.0,759.0,962.0,1067.0,535.0,1087.0,906.0,1181.0,775.0,920.0,827.0,822.0,1122.0,1422.0,524.0,659.0,485.0,683.0,702.0,658.0,603.0,430.0,364.0,416.0,569.0,594.0,621.0,735.0,820.0,813.0,696.0,572.0,508.0,513.0,423.0,293.0,286.0,572.0,638.0,668.0,302.0,1029.0,344.0,503.0,624.0,573.0,437.0,627.0,670.0,467.0,628.0,560.0,332.0,578.0,520.0,320.0,441.0,388.0,343.0,403.0,288.0,531.0,382.0,621.0,472.0,223.0,476.0,419.0,637.0,363.0,205.0,303.0,491.0,455.0,443.0,354.0,191.0,256.0,423.0,350.0,435.0,274.0,223.0,92.0,220.0,163.0,217.0,178.0,148.0,182.0,180.0,251.0,197.0,133.0,233.0,72.0,116.0,80.0,120.0,259.0,100.0,57.0,60.0,84.0,84.0,44.0,122.0,68.0,86.0,73.0,194.0,28.0,63.0,80.0,44.0,59.0,26.0,237.0,117.0,66.0,219.0,65.0,96.0,81.0,53.0,130.0,34.0,108.0,41.0,73.0,79.0,69.0,112.0,112.0,126.0,42.0,291.0,82.0,26.0,94.0,57.0,194.0,58.0
62.0,99.0,65.0,40.0,39.0,53.0,127.0,54.0,72.0,42.0,105.0,140.0,75.0,174.0,90.0,84.0,74.0,83.0,55.0,57.0,93.0,88.0,72.0,92.0,51.0,84.0,94.0,104.0,71.0,71.0,50.0,203.0,54.0,102.0,149.0,74.0,102.0,70.0,96.0,56.0,34.0,52.0,232.0,73.0,74.0,53.0,66.0,105.0,87.0,105.0,66.0,401.0,839.0,0.0,1497.0,669.0,737.0,808.0,754.0,805.0,516.0,791.0,1049.0,695.0,1082.0,1111.0,932.0,1134.0,972.0,928.0,1227.0,1152.0,1124.0,1169.0,1582.0,1130.0,634.0,857.0,593.0,763.0,1332.0,15.0,1618.0,196.0,301.0,215.0,317.0,522.0,533.0,597.0,389.0,405.0,362.0,379.0,471.0,365.0,344.0,494.0,553.0,676.0,929.0,724.0,837.0,714.0,832.0,918.0,723.0,0.0,15.0,0.0,514.0,33.0,75.0,34.0,190.0,273.0,190.0,300.0,250.0,206.0,280.0,207.0,399.0,472.0,198.0,259.0,549.0,382.0,221.0,379.0,455.0,334.0,279.0,339.0,392.0,351.0,195.0,439.0,352.0,249.0,366.0,289.0,380.0,428.0,259.0,250.0,243.0,289.0,414.0,306.0,177.0,155.0,455.0,255.0,120.0,285.0,99.0,304.0,203.0,122.0,49.0,92.0,69.0,67.0,83.0,40.0,120.0,53.0,154.0,121.0,53.0,76.0,125.0,112.0,32.0,60.0,104.0,50.0,83.0,39.0,47.0,228.0,35.0,90.0,73.0,95.0,62.0,52.0,56.0,65.0,222.0,43.0,79.0,67.0,66.0,60.0,45.0,42.0,63.0,240.0
89.0,60.0,210.0,114.0,42.0,190.0,52.0,115.0,52.0,77.0,116.0,39.0,64.0,52.0,71.0,301.0,23.0,48.0,58.0,48.0,53.0,93.0,163.0,78.0,100.0,89.0,69.0,121.0,27.0,45.0,176.0,91.0,53.0,62.0,85.0,277.0,55.0,50.0,257.0,189.0,127.0,53.0,111.0,94.0,84.0,82.0,82.0,463.0,2.0,0.0,1367.0,431.0,431.0,498.0,431.0,653.0,714.0,1537.0,1527.0,276.0,688.0,824.0,802.0,709.0,908.0,707.0,865.0,1010.0,1111.0,1210.0,125.0,679.0,556.0,809.0,851.0,924.0,783.0,694.0,878.0,577.0,820.0,663.0,538.0,751.0,883.0,862.0,2.0,1.0,468.0,218.0,99.0,149.0,183.0,204.0,191.0,155.0,233.0,123.0,112.0,307.0,580.0,628.0,962.0,905.0,898.0,0.0,1718.0,480.0,415.0,616.0,524.0,302.0,691.0,532.0,421.0,430.0,713.0,258.0,742.0,584.0,269.0,658.0,539.0,390.0,405.0,441.0,533.0,388.0,324.0,459.0,288.0,510.0,391.0,396.0,446.0,298.0,514.0,277.0,410.0,250.0,363.0,468.0,213.0,557.0,174.0,283.0,277.0,420.0,355.0,391.0,290.0,175.0,375.0,430.0,427.0,224.0,65.0,278.0,283.0,214.0,343.0,73.0,250.0,81.0,149.0,104.0,163.0,77.0,224.0,131.0,50.0,57.0,105.0,26.0,78.0,41.0,181.0,96.0,55.0,59.0,54.0,94.0,68.0,214.0,101.0,98.0,68.0,75.0,52.0,87.0,53.0,29.0,56.0,42.0,177.0,35.0,40.0,110.0,108.0,56.0
80.0,100.0,103.0,132.0,62.0,44.0,83.0,71.0,196.0,69.0,50.0,87.0,43.0,63.0,62.0,54.0,48.0,57.0,42.0,38.0,57.0,18.0,146.0,37.0,112.0,76.0,65.0,68.0,63.0,80.0,44.0,114.0,49.0,93.0,66.0,51.0,66.0,188.0,31.0,38.0,79.0,77.0,80.0,116.0,51.0,243.0,217.0,109.0,92.0,134.0,98.0,429.0,817.0,63.0,0.0,746.0,645.0,594.0,789.0,1547.0,933.0,788.0,457.0,1215.0,995.0,1270.0,664.0,921.0,758.0,1074.0,1016.0,908.0,927.0,1389.0,1665.0,1021.0,1181.0,971.0,886.0,865.0,1043.0,704.0,717.0,537.0,1.0,545.0,129.0,145.0,326.0,559.0,408.0,463.0,407.0,481.0,301.0,292.0,277.0,254.0,373.0,672.0,394.0,719.0,840.0,680.0,913.0,734.0,0.0,1337.0,315.0,360.0,234.0,288.0,324.0,253.0,378.0,349.0,533.0,422.0,273.0,477.0,433.0,222.0,362.0,525.0,398.0,248.0,359.0,537.0,463.0,243.0,521.0,352.0,470.0,275.0,274.0,409.0,487.0,295.0,283.0,354.0,401.0,328.0,158.0,364.0,315.0,348.0,208.0,123.0,168.0,339.0,251.0,184.0,287.0,175.0,214.0,374.0,223.0,135.0,157.0,208.0,321.0,129.0,72.0,98.0,80.0,104.0,53.0,81.0,123.0,91.0,70.0,34.0,65.0,74.0,84.0,85.0,74.0,41.0,30.0,89.0,73.0,42.0,149.0,49.0,102.0,57.0,34.0,26.0,44.0,70.0,44.0,91.0,38.0,55.0,68.0,44.0,62.0,45.0,38.0,83.0
295.0,117.0,72.0,80.0,120.0,76.0,39.0,148.0,78.0,82.0,80.0,42.0,62.0,100.0,71.0,65.0,66.0,59.0,73.0,206.0,47.0,81.0,68.0,44.0,152.0,120.0,49.0,70.0,77.0,86.0,98.0,62.0,69.0,43.0,79.0,135.0,58.0,99.0,201.0,154.0,78.0,63.0,49.0,70.0,210.0,216.0,124.0,78.0,113.0,285.0,546.0,34.0,1737.0,809.0,1456.0,1.0,344.0,999.0,825.0,981.0,1015.0,1013.0,669.0,796.0,773.0,873.0,1214.0,990.0,979.0,812.0,1329.0,949.0,1457.0,1241.0,1413.0,1176.0,1032.0,1159.0,796.0,701.0,534.0,787.0,783.0,0.0,41.0,140.0,151.0,107.0,333.0,392.0,503.0,369.0,350.0,273.0,227.0,255.0,476.0,311.0,639.0,483.0,575.0,828.0,718.0,678.0,700.0,652.0,0.0,2.0,1858.0,137.0,47.0,198.0,217.0,136.0,210.0,387.0,221.0,391.0,435.0,139.0,459.0,625.0,319.0,533.0,412.0,319.0,471.0,365.0,511.0,484.0,402.0,339.0,327.0,538.0,440.0,249.0,379.0,286.0,416.0,234.0,411.0,250.0,225.0,413.0,220.0,520.0,175.0,166.0,376.0,348.0,387.0,131.0,320.0,109.0,194.0,225.0,310.0,421.0,195.0,240.0,134.0,403.0,105.0,160.0,65.0,86.0,98.0,86.0,114.0,233.0,99.0,109.0,98.0,59.0,88.0,57.0,69.0,110.0,66.0,66.0,191.0,42.0,67.0,94.0,63.0,48.0,58.0,40.0,54.0,246.0,81.0,57.0,59.0,208.0,74.0,92.0,131.0,74.0,37.0,79.0
63.0,46.0,45.0,84.0,97.0,59.0,44.0,68.0,78.0,219.0,47.0,40.0,74.0,110.0,108.0,83.0,143.0,115.0,93.0,102.0,39.0,52.0,88.0,59.0,46.0,36.0,124.0,81.0,94.0,62.0,63.0,339.0,102.0,64.0,411.0,171.0,102.0,64.0,93.0,135.0,103.0,500.0,903.0,0.0,1642.0,1402.0,1065.0,751.0,433.0,761.0,1008.0,906.0,755.0,520.0,927.0,1012.0,724.0,788.0,949.0,666.0,799.0,1203.0,1105.0,1092.0,1372.0,905.0,912.0,1141.0,769.0,725.0,575.0,609.0,446.0,3.0,1681.0,219.0,323.0,309.0,260.0,140.0,210.0,136.0,137.0,205.0,238.0,265.0,419.0,292.0,359.0,641.0,495.0,702.0,774.0,506.0,151.0,1.0,0.0,1453.0,38.0,65.0,140.0,262.0,129.0,252.0,289.0,169.0,211.0,323.0,302.0,375.0,359.0,488.0,453.0,326.0,444.0,453.0,473.0,229.0,340.0,410.0,406.0,610.0,289.0,247.0,496.0,399.0,318.0,308.0,359.0,311.0,336.0,353.0,64.0,291.0,216.0,160.0,361.0,49.0,153.0,65.0,175.0,80.0,97.0,59.0,168.0,158.0,74.0,80.0,62.0,61.0,41.0,54.0,113.0,157.0,74.0,56.0,117.0,72.0,35.0,101.0,74.0,42.0,55.0,90.0,92.0,171.0,46.0,37.0,67.0,121.0,57.0,137.0,46.0,48.0,177.0,89.0,44.0,40.0,78.0,102.0,65.0,146.0,60.0,59.0,98.0,272.0,99.0,96.0,120.0,98.0,76.0,72.0,40.0,196.0,72.0,81.0,50.0,31.0,68.0,126.0
41.0,52.0,55.0,65.0,29.0,279.0,41.0,80.0,24.0,52.0,88.0,239.0,63.0,67.0,98.0,85.0,51.0,35.0,40.0,30.0,65.0,209.0,92.0,57.0,36.0,73.0,86.0,69.0,44.0,47.0,61.0,58.0,197.0,36.0,58.0,72.0,64.0,194.0,98.0,147.0,178.0,104.0,166.0,103.0,66.0,151.0,164.0,312.0,35.0,1334.0,522.0,749.0,574.0,802.0,702.0,877.0,412.0,828.0,922.0,1279.0,1053.0,819.0,894.0,1130.0,1000.0,1151.0,1161.0,1202.0,898.0,894.0,805.0,728.0,866.0,1421.0,0.0,625.0,486.0,433.0,340.0,409.0,299.0,398.0,541.0,677.0,527.0,804.0,584.0,649.0,337.0,545.0,287.0,378.0,280.0,212.0,353.0,532.0,516.0,665.0,692.0,880.0,832.0,695.0,35.0,1569.0,392.0,311.0,404.0,501.0,298.0,594.0,490.0,430.0,436.0,418.0,285.0,491.0,428.0,234.0,418.0,422.0,317.0,323.0,281.0,308.0,310.0,263.0,376.0,214.0,490.0,309.0,380.0,281.0,206.0,475.0,187.0,388.0,277.0,218.0,298.0,286.0,463.0,168.0,266.0,377.0,334.0,412.0,96.0,228.0,101.0,270.0,121.0,91.0,239.0,68.0,165.0,70.0,80.0,46.0,47.0,80.0,59.0,40.0,146.0,24.0,75.0,72.0,166.0,74.0,84.0,85.0,102.0,131.0,73.0,41.0,92.0,65.0,193.0,52.0,47.0,41.0,102.0,97.0,81.0,24.0,262.0,29.0,67.0,71.0,100.0,81.0,262.0,52.0,43.0,67.0,77.0,38.0,33.0,70.0,66.0,116.0
104.0,78.0,61.0,68.0,52.0,75.0,130.0,48.0,118.0,45.0,29.0,45.0,64.0,204.0,71.0,62.0,46.0,74.0,252.0,68.0,79.0,54.0,80.0,58.0,58.0,54.0,66.0,77.0,54.0,107.0,230.0,80.0,47.0,49.0,81.0,76.0,51.0,268.0,129.0,143.0,91.0,250.0,513.0,1201.0,1438.0,394.0,1721.0,633.0,740.0,454.0,863.0,828.0,744.0,827.0,627.0,892.0,1375.0,1256.0,882.0,978.0,715.0,981.0,1223.0,776.0,1090.0,1129.0,910.0,926.0,580.0,689.0,753.0,618.0,495.0,467.0,326.0,571.0,634.0,944.0,524.0,1038.0,738.0,915.0,558.0,616.0,330.0,431.0,281.0,240.0,294.0,500.0,771.0,0.0,1611.0,257.0,414.0,276.0,539.0,491.0,273.0,686.0,637.0,452.0,540.0,613.0,323.0,748.0,599.0,351.0,538.0,399.0,443.0,461.0,380.0,495.0,359.0,496.0,383.0,423.0,650.0,423.0,331.0,504.0,383.0,640.0,307.0,411.0,303.0,330.0,464.0,345.0,481.0,172.0,223.0,283.0,228.0,509.0,215.0,263.0,89.0,257.0,397.0,199.0,124.0,108.0,85.0,66.0,128.0,76.0,282.0,124.0,79.0,82.0,78.0,97.0,155.0,171.0,78.0,64.0,42.0,218.0,32.0,81.0,40.0,39.0,76.0,81.0,100.0,41.0,106.0,255.0,43.0,57.0,50.0,50.0,80.0,249.0,189.0,80.0,131.0,126.0,43.0,134.0,96.0,239.0,83.0,60.0,57.0,81.0,116.0,65.0,110.0,70.0,105.0,83.0,27.0,187.0,70.0,70.0,65.0,46.0
76.0,66.0,220.0,74.0,40.0,70.0,596.0,41.0,26.0,81.0,116.0,208.0,81.0,117.0,63.0,79.0,102.0,50.0,39.0,222.0,77.0,63.0,80.0,37.0,60.0,195.0,85.0,77.0,53.0,105.0,34.0,212.0,47.0,104.0,54.0,85.0,51.0,81.0,65.0,161.0,165.0,110.0,186.0,80.0,123.0,96.0,123.0,119.0,760.0,1002.0,1022.0,1029.0,615.0,1056.0,1143.0,1178.0,1068.0,1480.0,952.0,827.0,839.0,1021.0,1366.0,1195.0,1514.0,1321.0,658.0,870.0,936.0,1250.0,1029.0,1259.0,1094.0,627.0,667.0,729.0,752.0,710.0,614.0,439.0,615.0,473.0,603.0,318.0,796.0,852.0,760.0,579.0,603.0,478.0,502.0,503.0,515.0,469.0,665.0,836.0,15.0,1718.0,294.0,347.0,351.0,371.0,451.0,536.0,691.0,438.0,768.0,650.0,337.0,614.0,542.0,443.0,436.0,320.0,663.0,445.0,427.0,526.0,341.0,628.0,370.0,422.0,497.0,431.0,539.0,469.0,331.0,473.0,316.0,551.0,547.0,312.0,384.0,278.0,559.0,346.0,320.0,245.0,227.0,385.0,288.0,481.0,155.0,187.0,259.0,292.0,232.0,89.0,368.0,308.0,165.0,49.0,133.0,43.0,78.0,89.0,319.0,75.0,75.0,72.0,23.0,54.0,98.0,73.0,54.0,75.0,38.0,224.0,112.0,46.0,80.0,86.0,74.0,51.0,42.0,25.0,54.0,76.0,72.0,104.0,47.0,49.0,48.0,40.0,21.0,32.0,146.0,63.0,124.0,49.0,43.0,59.0,243.0,68.0,71.0,26.0,26.0,72.0,44.0,30.0
154.0,75.0,69.0,58.0,101.0,22.0,48.0,283.0,70.0,78.0,47.0,55.0,44.0,67.0,19.0,77.0,63.0,34.0,157.0,39.0,16.0,28.0,80.0,48.0,58.0,47.0,49.0,61.0,83.0,97.0,133.0,98.0,52.0,74.0,47.0,42.0,133.0,201.0,88.0,145.0,72.0,146.0,105.0,221.0,1056.0,0.0,937.0,989.0,1030.0,1234.0,982.0,964.0,991.0,629.0,958.0,1062.0,1066.0,1130.0,927.0,953.0,1229.0,1119.0,995.0,937.0,742.0,1086.0,974.0,1104.0,831.0,704.0,705.0,631.0,591.0,528.0,549.0,649.0,380.0,673.0,800.0,921.0,0.0,0.0,591.0,75.0,36.0,231.0,308.0,389.0,359.0,377.0,576.0,743.0,869.0,647.0,537.0,900.0,847.0,636.0,32.0,1182.0,219.0,276.0,524.0,300.0,455.0,249.0,231.0,373.0,274.0,501.0,518.0,230.0,559.0,391.0,297.0,15.0,0.0,672.0,15.0,47.0,117.0,85.0,173.0,258.0,325.0,229.0,202.0,159.0,156.0,379.0,194.0,318.0,282.0,271.0,250.0,263.0,339.0,318.0,172.0,88.0,352.0,206.0,88.0,58.0,110.0,36.0,70.0,99.0,211.0,133.0,59.0,56.0,93.0,118.0,49.0,76.0,67.0,220.0,45.0,70.0,75.0,63.0,26.0,141.0,40.0,103.0,128.0,75.0,115.0,144.0,77.0,23.0,88.0,88.0,113.0,73.0,77.0,63.0,187.0,108.0,33.0,66.0,80.0,44.0,52.0,47.0,98.0,31.0,89.0,201.0,106.0,56.0,112.0,92.0,33.0,132.0,234.0,77.0,90.0,61.0
60.0,63.0,66.0,91.0,29.0,56.0,64.0,52.0,29.0,50.0,20.0,208.0,56.0,65.0,113.0,107.0,104.0,64.0,53.0,151.0,88.0,94.0,153.0,46.0,84.0,75.0,90.0,37.0,113.0,123.0,94.0,49.0,25.0,49.0,33.0,34.0,80.0,79.0,191.0,83.0,71.0,66.0,59.0,236.0,295.0,97.0,119.0,162.0,64.0,771.0,1172.0,1302.0,1224.0,1244.0,572.0,433.0,820.0,834.0,735.0,1380.0,1231.0,457.0,356.0,549.0,673.0,574.0,868.0,857.0,700.0,671.0,832.0,768.0,976.0,818.0,853.0,898.0,1235.0,826.0,712.0,860.0,689.0,559.0,618.0,519.0,563.0,565.0,576.0,695.0,769.0,762.0,8.0,1.0,0.0,1441.0,41.0,63.0,129.0,164.0,181.0,200.0,192.0,343.0,459.0,590.0,606.0,662.0,806.0,657.0,666.0,756.0,831.0,529.0,807.0,803.0,513.0,666.0,622.0,540.0,532.0,530.0,251.0,643.0,488.0,161.0,556.0,497.0,351.0,522.0,400.0,343.0,452.0,266.0,317.0,381.0,367.0,414.0,316.0,384.0,350.0,239.0,270.0,284.0,283.0,281.0,101.0,235.0,191.0,275.0,261.0,223.0,182.0,116.0,363.0,213.0,177.0,174.0,311.0,118.0,133.0,119.0,81.0,67.0,49.0,68.0,59.0,73.0,43.0,60.0,291.0,69.0,47.0,72.0,278.0,42.0,26.0,38.0,47.0,81.0,84.0,81.0,184.0,75.0,35.0,63.0,66.0,109.0,270.0,121.0,84.0,40.0,105.0,41.0,43.0,69.0,220.0,94.0,93.0,71.0,57.0,38.0
63.0,38.0,282.0,107.0,63.0,52.0,91.0,80.0,66.0,68.0,93.0,162.0,72.0,35.0,68.0,58.0,86.0,182.0,109.0,162.0,84.0,85.0,91.0,54.0,74.0,33.0,50.0,53.0,133.0,47.0,75.0,42.0,85.0,50.0,308.0,44.0,48.0,93.0,92.0,84.0,232.0,199.0,124.0,86.0,74.0,135.0,138.0,200.0,1035.0,0.0,968.0,754.0,830.0,854.0,1409.0,1182.0,720.0,463.0,679.0,895.0,943.0,898.0,979.0,747.0,842.0,1105.0,1057.0,1134.0,1014.0,1334.0,1362.0,765.0,1298.0,701.0,811.0,791.0,837.0,454.0,778.0,446.0,489.0,378.0,756.0,681.0,712.0,382.0,519.0,329.0,337.0,326.0,273.0,265.0,531.0,404.0,601.0,665.0,731.0,638.0,743.0,664.0,882.0,15.0,2.0,1170.0,103.0,186.0,317.0,299.0,198.0,267.0,297.0,338.0,401.0,188.0,527.0,535.0,287.0,406.0,394.0,551.0,363.0,253.0,551.0,442.0,491.0,255.0,255.0,656.0,319.0,330.0,249.0,240.0,502.0,462.0,306.0,200.0,423.0,360.0,262.0,322.0,234.0,254.0,303.0,200.0,186.0,240.0,286.0,341.0,168.0,191.0,154.0,216.0,284.0,105.0,150.0,139.0,49.0,119.0,46.0,45.0,54.0,53.0,130.0,48.0,105.0,42.0,124.0,95.0,61.0,82.0,297.0,84.0,50.0,77.0,83.0,41.0,105.0,213.0,64.0,89.0,78.0,61.0,52.0,263.0,52.0,47.0,31.0,51.0,58.0,54.0,65.0,100.0,90.0,29.0,213.0,89.0,55.0,76.0,195.0,65.0
57.0,88.0,79.0,90.0,92.0,47.0,230.0,103.0,64.0,77.0,28.0,85.0,28.0,183.0,75.0,40.0,63.0,65.0,57.0,42.0,167.0,58.0,29.0,65.0,89.0,55.0,119.0,44.0,84.0,81.0,97.0,76.0,46.0,65.0,49.0,122.0,45.0,36.0,72.0,146.0,59.0,29.0,88.0,44.0,64.0,175.0,51.0,171.0,295.0,147.0,137.0,110.0,133.0,138.0,735.0,714.0,1132.0,632.0,579.0,655.0,764.0,1031.0,1099.0,1072.0,583.0,1028.0,854.0,1151.0,909.0,981.0,1247.0,1328.0,877.0,1084.0,1085.0,953.0,1145.0,617.0,1535.0,1422.0,716.0,801.0,830.0,406.0,636.0,721.0,574.0,473.0,279.0,447.0,497.0,621.0,464.0,851.0,654.0,824.0,698.0,797.0,477.0,621.0,502.0,566.0,650.0,712.0,764.0,902.0,0.0,1754.0,491.0,363.0,440.0,239.0,313.0,263.0,508.0,439.0,674.0,601.0,337.0,633.0,640.0,541.0,490.0,540.0,346.0,527.0,289.0,510.0,239.0,480.0,315.0,141.0,522.0,275.0,445.0,306.0,188.0,355.0,232.0,458.0,275.0,228.0,312.0,166.0,254.0,163.0,242.0,275.0,202.0,224.0,166.0,374.0,206.0,304.0,203.0,263.0,140.0,264.0,279.0,304.0,313.0,278.0,128.0,197.0,105.0,63.0,97.0,53.0,44.0,38.0,157.0,46.0,113.0,65.0,51.0,44.0,66.0,69.0,51.0,41.0,109.0,73.0,93.0,206.0,96.0,92.0,99.0,43.0,72.0,62.0,43.0,67.0,61.0,240.0,86.0,92.0,80.0,54.0,91.0,71.0
69.0,48.0,102.0,110.0,85.0,57.0,34.0,203.0,71.0,63.0,98.0,53.0,62.0,78.0,96.0,63.0,46.0,231.0,63.0,79.0,87.0,59.0,86.0,34.0,63.0,35.0,77.0,72.0,138.0,91.0,65.0,47.0,70.0,74.0,162.0,85.0,145.0,120.0,124.0,39.0,142.0,53.0,91.0,282.0,191.0,177.0,116.0,141.0,103.0,132.0,412.0,592.0,988.0,779.0,971.0,1.0,1449.0,868.0,993.0,707.0,559.0,895.0,1015.0,825.0,772.0,797.0,525.0,1296.0,1407.0,1114.0,654.0,807.0,948.0,651.0,895.0,896.0,900.0,775.0,563.0,646.0,677.0,645.0,474.0,417.0,585.0,614.0,696.0,540.0,891.0,741.0,813.0,574.0,646.0,288.0,377.0,325.0,299.0,396.0,724.0,576.0,580.0,42.0,0.0,3.0,468.0,173.0,275.0,197.0,311.0,329.0,294.0,350.0,352.0,220.0,451.0,511.0,312.0,442.0,364.0,537.0,428.0,263.0,427.0,242.0,656.0,438.0,195.0,451.0,232.0,516.0,336.0,325.0,311.0,276.0,481.0,238.0,548.0,271.0,279.0,227.0,274.0,483.0,267.0,254.0,132.0,429.0,163.0,284.0,156.0,156.0,162.0,280.0,84.0,82.0,38.0,137.0,281.0,80.0,115.0,52.0,54.0,81.0,64.0,42.0,135.0,145.0,115.0,50.0,53.0,50.0,27.0,46.0,285.0,109.0,43.0,45.0,70.0,122.0,52.0,86.0,73.0,32.0,194.0,126.0,67.0,60.0,51.0,52.0,33.0,39.0,67.0,123.0,46.0,37.0,83.0,66.0,46.0,46.0,73.0,51.0
65.0,68.0,37.0,91.0,28.0,116.0,65.0,185.0,54.0,33.0,60.0,74.0,41.0,35.0,44.0,46.0,261.0,83.0,47.0,56.0,50.0,46.0,236.0,82.0,57.0,54.0,22.0,102.0,78.0,298.0,31.0,56.0,64.0,75.0,56.0,159.0,132.0,224.0,122.0,93.0,92.0,89.0,121.0,180.0,532.0,178.0,1627.0,1089.0,947.0,888.0,602.0,1085.0,1044.0,981.0,995.0,1055.0,1027.0,1150.0,1253.0,1368.0,985.0,1319.0,1150.0,1012.0,820.0,1520.0,1247.0,783.0,940.0,1238.0,1332.0,1090.0,686.0,647.0,676.0,681.0,760.0,562.0,0.0,0.0,0.0,1302.0,43.0,99.0,179.0,250.0,139.0,191.0,195.0,181.0,227.0,267.0,212.0,377.0,399.0,515.0,403.0,766.0,732.0,822.0,570.0,922.0,880.0,0.0,15.0,1863.0,176.0,116.0,208.0,338.0,237.0,231.0,244.0,175.0,189.0,341.0,259.0,501.0,476.0,302.0,403.0,336.0,138.0,388.0,341.0,175.0,304.0,285.0,402.0,228.0,216.0,413.0,357.0,237.0,196.0,304.0,350.0,199.0,80.0,203.0,224.0,284.0,154.0,208.0,325.0,270.0,134.0,119.0,208.0,76.0,127.0,36.0,95.0,198.0,55.0,68.0,76.0,84.0,94.0,259.0,40.0,71.0,23.0,71.0,73.0,196.0,101.0,55.0,76.0,110.0,148.0,112.0,51.0,131.0,44.0,103.0,70.0,87.0,38.0,57.0,38.0,186.0,34.0,71.0,64.0,92.0,64.0,276.0,122.0,76.0,85.0,146.0,79.0,79.0,60.0,76.0,40.0,105.0,81.0,112.0
64.0,85.0,72.0,83.0,92.0,26.0,51.0,67.0,70.0,122.0,47.0,44.0,67.0,174.0,84.0,76.0,48.0,130.0,35.0,89.0,62.0,188.0,74.0,47.0,70.0,42.0,31.0,77.0,74.0,72.0,204.0,76.0,85.0,98.0,90.0,53.0,40.0,134.0,52.0,272.0,211.0,110.0,101.0,84.0,113.0,377.0,937.0,1382.0,435.0,1662.0,710.0,734.0,752.0,713.0,966.0,903.0,981.0,795.0,933.0,601.0,938.0,913.0,1108.0,1224.0,1140.0,1184.0,1300.0,1181.0,909.0,1136.0,1200.0,765.0,676.0,571.0,786.0,807.0,1148.0,311.0,351.0,264.0,387.0,427.0,521.0,384.0,198.0,404.0,566.0,749.0,559.0,913.0,995.0,0.0,15.0,1022.0,94.0,30.0,120.0,227.0,172.0,380.0,437.0,290.0,677.0,605.0,516.0,720.0,710.0,623.0,527.0,469.0,591.0,541.0,858.0,0.0,1.0,1179.0,19.0,82.0,209.0,57.0,273.0,324.0,193.0,238.0,346.0,229.0,390.0,289.0,437.0,480.0,257.0,464.0,370.0,576.0,373.0,189.0,354.0,330.0,537.0,326.0,216.0,376.0,309.0,493.0,260.0,339.0,156.0,269.0,416.0,276.0,407.0,142.0,303.0,190.0,313.0,253.0,157.0,195.0,162.0,190.0,75.0,77.0,153.0,134.0,113.0,143.0,78.0,312.0,69.0,118.0,72.0,48.0,58.0,58.0,63.0,47.0,210.0,134.0,115.0,90.0,153.0,108.0,77.0,84.0,86.0,39.0,125.0,42.0,91.0,42.0,65.0,60.0,136.0,117.0,53.0,76.0,84.0,86.0,234.0,72.0
128.0,57.0,105.0,31.0,52.0,84.0,92.0,100.0,68.0,72.0,46.0,244.0,37.0,130.0,75.0,216.0,168.0,144.0,116.0,78.0,63.0,65.0,28.0,53.0,245.0,62.0,60.0,69.0,57.0,102.0,40.0,63.0,87.0,109.0,108.0,76.0,76.0,60.0,186.0,44.0,76.0,58.0,459.0,358.0,143.0,122.0,184.0,648.0,1044.0,1221.0,1246.0,1102.0,1514.0,1249.0,1255.0,1197.0,1140.0,1235.0,1160.0,1115.0,1363.0,1219.0,1308.0,1227.0,1432.0,1349.0,1446.0,823.0,551.0,843.0,785.0,1227.0,1225.0,1372.0,1015.0,870.0,777.0,654.0,550.0,986.0,0.0,2.0,842.0,49.0,106.0,265.0,263.0,368.0,484.0,416.0,524.0,186.0,143.0,204.0,140.0,211.0,316.0,387.0,504.0,917.0,739.0,137.0,1541.0,522.0,397.0,516.0,596.0,774.0,333.0,763.0,726.0,297.0,721.0,669.0,386.0,661.0,537.0,332.0,557.0,638.0,318.0,647.0,521.0,265.0,694.0,466.0,233.0,419.0,418.0,416.0,388.0,198.0,332.0,364.0,288.0,395.0,204.0,473.0,256.0,291.0,380.0,315.0,319.0,339.0,235.0,478.0,205.0,308.0,205.0,127.0,398.0,386.0,222.0,210.0,201.0,329.0,184.0,433.0,135.0,199.0,86.0,111.0,75.0,85.0,104.0,70.0,66.0,260.0,58.0,100.0,73.0,226.0,44.0,97.0,97.0,88.0,91.0,75.0,55.0,43.0,43.0,253.0,47.0,77.0,40.0,49.0,47.0,42.0,59.0,68.0,58.0,171.0,78.0,90.0,100.0,58.0,69.0,95.0,73.0,93.0
112.0,91.0,65.0,97.0,42.0,219.0,83.0,32.0,97.0,46.0,48.0,65.0,91.0,53.0,252.0,50.0,53.0,78.0,36.0,29.0,155.0,153.0,77.0,38.0,80.0,56.0,38.0,47.0,89.0,60.0,40.0,226.0,70.0,30.0,75.0,63.0,94.0,65.0,200.0,106.0,53.0,61.0,63.0,81.0,200.0,114.0,68.0,58.0,65.0,146.0,427.0,263.0,127.0,94.0,122.0,108.0,594.0,111.0,1717.0,789.0,738.0,873.0,856.0,1122.0,933.0,1095.0,1303.0,588.0,828.0,1301.0,1367.0,906.0,694.0,854.0,1189.0,1326.0,849.0,704.0,858.0,1013.0,964.0,1305.0,1055.0,918.0,1074.0,730.0,762.0,611.0,462.0,591.0,690.0,491.0,348.0,471.0,598.0,814.0,734.0,684.0,453.0,511.0,519.0,186.0,365.0,431.0,296.0,476.0,609.0,363.0,383.0,546.0,427.0,506.0,710.0,460.0,457.0,767.0,583.0,380.0,664.0,608.0,288.0,682.0,520.0,368.0,408.0,423.0,572.0,525.0,232.0,462.0,493.0,553.0,395.0,330.0,500.0,249.0,247.0,332.0,212.0,580.0,435.0,239.0,232.0,266.0,535.0,277.0,274.0,168.0,360.0,295.0,375.0,239.0,246.0,239.0,323.0,218.0,212.0,218.0,251.0,261.0,110.0,81.0,120.0,160.0,111.0,66.0,58.0,201.0,131.0,59.0,57.0,32.0,54.0,118.0,32.0,46.0,49.0,194.0,56.0,69.0,37.0,87.0,49.0,53.0,51.0,101.0,130.0,63.0,47.0,109.0,34.0,272.0,119.0,108.0,103.0,38.0,121.0,50.0,193.0,60.0
114.0,37.0,33.0,49.0,45.0,46.0,138.0,42.0,69.0,17.0,46.0,48.0,300.0,52.0,65.0,75.0,63.0,63.0,351.0,125.0,74.0,34.0,106.0,104.0,38.0,42.0,196.0,57.0,117.0,62.0,55.0,90.0,80.0,54.0,54.0,33.0,79.0,58.0,45.0,218.0,46.0,42.0,108.0,257.0,62.0,56.0,132.0,55.0,353.0,350.0,145.0,101.0,80.0,97.0,133.0,570.0,724.0,916.0,1048.0,1196.0,641.0,968.0,910.0,1092.0,894.0,1166.0,981.0,1073.0,724.0,1268.0,1324.0,1312.0,1480.0,1367.0,1093.0,1200.0,982.0,1031.0,956.0,881.0,1215.0,752.0,774.0,1215.0,666.0,720.0,582.0,531.0,377.0,384.0,549.0,833.0,668.0,1037.0,885.0,1.0,1.0,1441.0,35.0,83.0,39.0,107.0,179.0,111.0,255.0,418.0,471.0,634.0,662.0,781.0,444.0,860.0,865.0,770.0,560.0,877.0,660.0,519.0,671.0,632.0,328.0,619.0,482.0,283.0,525.0,454.0,191.0,451.0,501.0,304.0,422.0,369.0,304.0,429.0,190.0,391.0,367.0,454.0,324.0,194.0,392.0,302.0,293.0,274.0,198.0,504.0,280.0,258.0,312.0,209.0,309.0,239.0,287.0,211.0,227.0,497.0,293.0,449.0,125.0,415.0,255.0,117.0,55.0,133.0,111.0,96.0,61.0,49.0,91.0,83.0,165.0,95.0,159.0,122.0,60.0,32.0,55.0,34.0,56.0,225.0,44.0,88.0,53.0,184.0,72.0,80.0,33.0,91.0,138.0,87.0,99.0,64.0,58.0,92.0,61.0,45.0,206.0,60.0,67.0,59.0
56.0,224.0,114.0,107.0,59.0,42.0,39.0,244.0,101.0,83.0,113.0,67.0,255.0,94.0,53.0,28.0,64.0,100.0,67.0,50.0,50.0,65.0,80.0,36.0,172.0,61.0,79.0,49.0,67.0,76.0,54.0,116.0,47.0,72.0,95.0,136.0,110.0,48.0,101.0,51.0,443.0,267.0,107.0,101.0,84.0,152.0,628.0,0.0,1355.0,861.0,1032.0,1366.0,1069.0,708.0,467.0,693.0,869.0,825.0,925.0,855.0,745.0,1269.0,1370.0,1023.0,1027.0,797.0,952.0,926.0,925.0,981.0,1396.0,1508.0,845.0,1170.0,860.0,813.0,928.0,738.0,660.0,556.0,384.0,524.0,382.0,526.0,384.0,737.0,632.0,738.0,454.0,512.0,321.0,321.0,363.0,286.0,195.0,259.0,249.0,337.0,127.0,114.0,149.0,334.0,602.0,757.0,662.0,960.0,706.0,823.0,795.0,912.0,448.0,861.0,777.0,398.0,579.0,650.0,436.0,543.0,596.0,341.0,630.0,385.0,206.0,392.0,377.0,223.0,374.0,208.0,288.0,356.0,273.0,348.0,204.0,330.0,356.0,181.0,385.0,234.0,315.0,316.0,236.0,515.0,299.0,322.0,229.0,268.0,395.0,208.0,284.0,183.0,286.0,330.0,284.0,441.0,139.0,190.0,326.0,395.0,341.0,99.0,239.0,119.0,177.0,78.0,129.0,74.0,271.0,126.0,108.0,105.0,46.0,45.0,41.0,75.0,51.0,79.0,66.0,221.0,107.0,69.0,79.0,65.0,51.0,40.0,106.0,41.0,76.0,84.0,94.0,275.0,98.0,73.0,73.0,93.0,53.0,58.0,72.0,33.0,176.0,60.0
264.0,49.0,73.0,44.0,73.0,83.0,58.0,100.0,66.0,66.0,179.0,97.0,34.0,57.0,86.0,89.0,43.0,33.0,36.0,220.0,76.0,104.0,54.0,87.0,74.0,144.0,77.0,94.0,241.0,98.0,60.0,98.0,35.0,154.0,74.0,60.0,59.0,42.0,179.0,42.0,367.0,272.0,101.0,157.0,162.0,751.0,1325.0,973.0,1071.0,1173.0,1145.0,1209.0,994.0,970.0,651.0,1014.0,1092.0,1074.0,1004.0,912.0,913.0,1142.0,828.0,1607.0,1390.0,893.0,835.0,888.0,939.0,1365.0,1193.0,1511.0,1201.0,1078.0,762.0,622.0,697.0,740.0,473.0,619.0,765.0,617.0,563.0,474.0,459.0,783.0,672.0,816.0,555.0,415.0,282.0,186.0,343.0,235.0,245.0,265.0,494.0,458.0,504.0,465.0,719.0,640.0,730.0,712.0,331.0,1.0,327.0,467.0,492.0,455.0,433.0,533.0,399.0,305.0,417.0,663.0,361.0,558.0,417.0,487.0,426.0,328.0,534.0,506.0,270.0,570.0,456.0,190.0,346.0,548.0,238.0,442.0,389.0,315.0,265.0,313.0,331.0,336.0,177.0,309.0,368.0,352.0,193.0,288.0,230.0,238.0,287.0,111.0,254.0,255.0,234.0,363.0,110.0,326.0,231.0,221.0,99.0,125.0,159.0,86.0,43.0,220.0,62.0,59.0,63.0,105.0,92.0,71.0,55.0,39.0,42.0,94.0,56.0,43.0,34.0,203.0,57.0,96.0,36.0,104.0,56.0,93.0,202.0,93.0,47.0,54.0,39.0,110.0,241.0,112.0,39.0,89.0,99.0,65.0,115.0,90.0,69.0,69.0,48.0,90.0
98.0,71.0,63.0,302.0,38.0,49.0,40.0,78.0,57.0,94.0,40.0,87.0,206.0,82.0,52.0,72.0,61.0,52.0,51.0,69.0,75.0,49.0,139.0,103.0,83.0,91.0,86.0,67.0,43.0,42.0,33.0,63.0,66.0,50.0,100.0,88.0,41.0,33.0,228.0,116.0,67.0,70.0,214.0,324.0,90.0,97.0,124.0,129.0,430.0,594.0,1062.0,0.0,1704.0,524.0,588.0,754.0,495.0,904.0,768.0,840.0,724.0,1280.0,902.0,1333.0,1184.0,925.0,1258.0,1298.0,1537.0,1344.0,554.0,893.0,1130.0,901.0,1137.0,810.0,810.0,1637.0,808.0,557.0,639.0,653.0,600.0,419.0,203.0,429.0,410.0,685.0,622.0,649.0,391.0,464.0,204.0,197.0,302.0,349.0,450.0,568.0,605.0,831.0,872.0,836.0,2.0,1581.0,380.0,281.0,426.0,358.0,305.0,467.0,440.0,364.0,445.0,558.0,314.0,639.0,480.0,521.0,545.0,366.0,634.0,590.0,337.0,439.0,330.0,653.0,407.0,238.0,488.0,395.0,449.0,473.0,232.0,625.0,441.0,364.0,345.0,271.0,550.0,302.0,275.0,270.0,452.0,295.0,191.0,202.0,274.0,414.0,349.0,156.0,286.0,260.0,275.0,262.0,176.0,145.0,271.0,428.0,128.0,160.0,104.0,74.0,91.0,48.0,56.0,58.0,177.0,43.0,54.0,28.0,67.0,184.0,37.0,70.0,194.0,132.0,41.0,41.0,100.0,38.0,64.0,37.0,52.0,71.0,228.0,31.0,87.0,73.0,70.0,74.0,77.0,66.0,68.0,77.0,197.0,46.0,22.0,93.0,124.0,99.0
94.0,79.0,79.0,88.0,66.0,133.0,31.0,45.0,72.0,21.0,104.0,74.0,51.0,188.0,64.0,48.0,66.0,33.0,47.0,39.0,64.0,184.0,75.0,51.0,45.0,50.0,50.0,70.0,199.0,79.0,64.0,130.0,51.0,36.0,63.0,57.0,50.0,35.0,245.0,114.0,91.0,86.0,91.0,350.0,265.0,122.0,110.0,96.0,175.0,522.0,837.0,1223.0,0.0,1797.0,560.0,529.0,601.0,560.0,428.0,821.0,925.0,792.0,883.0,881.0,756.0,532.0,847.0,889.0,935.0,1244.0,1257.0,845.0,847.0,1059.0,1256.0,1233.0,743.0,627.0,657.0,628.0,546.0,646.0,729.0,1073.0,0.0,1.0,1818.0,64.0,164.0,107.0,299.0,376.0,493.0,437.0,493.0,447.0,452.0,626.0,624.0,611.0,772.0,932.0,916.0,0.0,1324.0,629.0,634.0,593.0,699.0,463.0,568.0,612.0,587.0,489.0,636.0,579.0,561.0,709.0,440.0,569.0,586.0,443.0,453.0,610.0,406.0,421.0,351.0,575.0,438.0,235.0,536.0,380.0,381.0,392.0,232.0,526.0,363.0,341.0,544.0,264.0,427.0,227.0,443.0,328.0,382.0,491.0,137.0,549.0,285.0,351.0,423.0,282.0,448.0,159.0,276.0,164.0,311.0,167.0,228.0,155.0,138.0,320.0,127.0,95.0,80.0,82.0,254.0,136.0,69.0,64.0,89.0,89.0,84.0,69.0,51.0,80.0,197.0,42.0,102.0,81.0,51.0,65.0,53.0,108.0,253.0,97.0,110.0,56.0,85.0,44.0,98.0,241.0,61.0,78.0,83.0,112.0,42.0,48.0,62.0,66.0
63.0,58.0,35.0,55.0,245.0,53.0,88.0,75.0,63.0,44.0,78.0,44.0,33.0,78.0,92.0,189.0,44.0,64.0,102.0,157.0,100.0,51.0,121.0,32.0,71.0,47.0,68.0,276.0,39.0,71.0,99.0,242.0,120.0,95.0,91.0,102.0,238.0,66.0,211.0,68.0,311.0,270.0,100.0,93.0,202.0,122.0,90.0,222.0,380.0,991.0,132.0,771.0,491.0,671.0,692.0,775.0,1376.0,677.0,401.0,512.0,650.0,854.0,706.0,873.0,851.0,863.0,1134.0,1237.0,933.0,1177.0,1061.0,994.0,1170.0,1059.0,1244.0,1155.0,845.0,895.0,449.0,470.0,393.0,503.0,488.0,355.0,571.0,709.0,628.0,537.0,650.0,416.0,353.0,274.0,209.0,292.0,285.0,375.0,475.0,585.0,635.0,636.0,688.0,638.0,723.0,788.0,321.0,835.0,252.0,410.0,472.0,453.0,444.0,380.0,499.0,394.0,486.0,261.0,644.0,596.0,346.0,456.0,438.0,314.0,312.0,318.0,543.0,340.0,239.0,402.0,531.0,303.0,456.0,355.0,327.0,327.0,229.0,485.0,168.0,580.0,221.0,409.0,141.0,262.0,176.0,239.0,267.0,365.0,377.0,256.0,299.0,219.0,266.0,225.0,237.0,154.0,451.0,114.0,124.0,148.0,151.0,83.0,72.0,51.0,46.0,284.0,62.0,124.0,39.0,110.0,52.0,33.0,62.0,134.0,62.0,56.0,41.0,59.0,63.0,63.0,68.0,76.0,193.0,62.0,49.0,80.0,99.0,51.0,86.0,173.0,51.0,99.0,89.0,86.0,73.0,215.0,40.0,66.0,82.0,74.0,60.0,61.0
57.0,34.0,74.0,89.0,284.0,64.0,80.0,70.0,56.0,48.0,38.0,218.0,77.0,49.0,43.0,62.0,63.0,151.0,42.0,46.0,21.0,74.0,39.0,110.0,178.0,62.0,60.0,89.0,100.0,27.0,40.0,25.0,50.0,51.0,236.0,36.0,57.0,78.0,39.0,67.0,85.0,295.0,209.0,178.0,90.0,76.0,143.0,217.0,585.0,488.0,2.0,855.0,656.0,487.0,704.0,799.0,762.0,670.0,752.0,926.0,941.0,1380.0,1715.0,897.0,1022.0,1426.0,1059.0,1259.0,1571.0,1494.0,836.0,1055.0,471.0,782.0,585.0,660.0,531.0,701.0,531.0,491.0,531.0,659.0,593.0,543.0,813.0,502.0,618.0,389.0,392.0,213.0,191.0,174.0,277.0,199.0,213.0,278.0,166.0,94.0,222.0,392.0,767.0,661.0,1.0,0.0,1458.0,212.0,264.0,165.0,333.0,300.0,271.0,285.0,277.0,335.0,504.0,294.0,435.0,532.0,189.0,402.0,511.0,259.0,492.0,458.0,244.0,405.0,250.0,272.0,328.0,305.0,382.0,330.0,375.0,298.0,203.0,290.0,309.0,156.0,165.0,451.0,229.0,239.0,232.0,242.0,103.0,137.0,66.0,460.0,70.0,173.0,117.0,158.0,46.0,54.0,76.0,70.0,32.0,47.0,47.0,223.0,75.0,72.0,44.0,67.0,222.0,72.0,40.0,146.0,87.0,106.0,110.0,64.0,71.0,74.0,50.0,95.0,52.0,36.0,74.0,190.0,70.0,48.0,48.0,48.0,60.0,41.0,59.0,94.0,252.0,98.0,60.0,44.0,91.0,105.0,273.0,69.0,39.0,48.0,65.0,61.0
52.0,71.0,59.0,38.0,61.0,155.0,85.0,61.0,30.0,42.0,44.0,78.0,73.0,171.0,48.0,64.0,69.0,47.0,118.0,161.0,23.0,33.0,95.0,57.0,78.0,65.0,64.0,166.0,64.0,109.0,98.0,165.0,66.0,71.0,46.0,51.0,28.0,89.0,61.0,229.0,68.0,57.0,61.0,85.0,43.0,64.0,181.0,98.0,329.0,288.0,98.0,117.0,133.0,290.0,783.0,0.0,685.0,862.0,1022.0,1534.0,1225.0,284.0,717.0,747.0,704.0,775.0,740.0,1279.0,1551.0,1550.0,903.0,1132.0,1214.0,1168.0,1410.0,1505.0,612.0,699.0,760.0,810.0,695.0,670.0,757.0,597.0,727.0,558.0,917.0,941.0,728.0,634.0,737.0,276.0,283.0,297.0,343.0,426.0,323.0,178.0,204.0,196.0,315.0,423.0,545.0,580.0,409.0,0.0,0.0,1806.0,135.0,94.0,214.0,285.0,313.0,399.0,314.0,291.0,346.0,274.0,400.0,331.0,421.0,497.0,295.0,602.0,356.0,509.0,407.0,326.0,559.0,426.0,462.0,204.0,207.0,404.0,255.0,558.0,297.0,212.0,388.0,232.0,501.0,280.0,278.0,270.0,355.0,293.0,170.0,333.0,209.0,362.0,391.0,260.0,258.0,213.0,277.0,203.0,204.0,80.0,46.0,121.0,101.0,186.0,85.0,99.0,57.0,72.0,46.0,24.0,75.0,57.0,48.0,40.0,74.0,264.0,27.0,68.0,87.0,102.0,55.0,36.0,35.0,243.0,103.0,115.0,46.0,83.0,30.0,81.0,71.0,40.0,61.0,132.0,65.0,34.0,93.0,118.0,241.0,138.0,89.0,45.0
