37.0,42.0,26.0,50.0,184.0,38.0,14.0,31.0,45.0,9.0,54.0,30.0,68.0,24.0,44.0,188.0,31.0,43.0,33.0,51.0,14.0,50.0,89.0,20.0,47.0,34.0,47.0,13.0,234.0,29.0,65.0,68.0,39.0,20.0,24.0,15.0,67.0,22.0,234.0,52.0,72.0,27.0,48.0,37.0,169.0,15.0,41.0,70.0,21.0,25.0,30.0,22.0,16.0,50.0,29.0,185.0,67.0,41.0,68.0,30.0,23.0,32.0,50.0,28.0,249.0,20.0,47.0,61.0,36.0,29.0,30.0,181.0,54.0,36.0,28.0,34.0,31.0,33.0,54.0,30.0,31.0,163.0,17.0,30.0,37.0,45.0,24.0,41.0,70.0,171.0,31.0,27.0,37.0,46.0,74.0,22.0,15.0,18.0,31.0,35.0,24.0,55.0,240.0,30.0,23.0,42.0,23.0,17.0,55.0,52.0,48.0,29.0,27.0,37.0,30.0,295.0,47.0,48.0,33.0,33.0,41.0,18.0,37.0,40.0,26.0,194.0,15.0,23.0,17.0,23.0,13.0,33.0,31.0,42.0,40.0,248.0,39.0,93.0,21.0,39.0,20.0,55.0,33.0,48.0,27.0,26.0,46.0,44.0,308.0,31.0,27.0,64.0,22.0,40.0,28.0,24.0,33.0,23.0,17.0,25.0,145.0,35.0,44.0,22.0,140.0,73.0,27.0,26.0,74.0,9.0,44.0,24.0,34.0,206.0,47.0,62.0,28.0,35.0,31.0,24.0,37.0,25.0,16.0,22.0,37.0,48.0,27.0,193.0,57.0,51.0,24.0,24.0,25.0,34.0,25.0,32.0,33.0,15.0,16.0,45.0
64.0,23.0,75.0,24.0,13.0,62.0,22.0,37.0,270.0,25.0,26.0,113.0,20.0,44.0,62.0,50.0,58.0,35.0,33.0,19.0,25.0,298.0,36.0,21.0,52.0,28.0,12.0,51.0,22.0,29.0,32.0,40.0,31.0,274.0,22.0,27.0,60.0,49.0,19.0,28.0,47.0,19.0,23.0,54.0,92.0,71.0,172.0,62.0,39.0,52.0,18.0,33.0,167.0,124.0,32.0,39.0,82.0,27.0,45.0,148.0,52.0,29.0,25.0,37.0,18.0,64.0,111.0,135.0,72.0,26.0,28.0,72.0,33.0,50.0,24.0,30.0,33.0,220.0,43.0,40.0,49.0,46.0,102.0,53.0,18.0,39.0,38.0,30.0,261.0,57.0,27.0,57.0,88.0,42.0,35.0,37.0,26.0,22.0,21.0,21.0,243.0,41.0,54.0,36.0,46.0,35.0,55.0,22.0,28.0,29.0,195.0,77.0,47.0,54.0,45.0,43.0,22.0,32.0,21.0,53.0,62.0,248.0,28.0,25.0,38.0,25.0,45.0,98.0,91.0,33.0,41.0,22.0,23.0,31.0,63.0,42.0,80.0,23.0,19.0,198.0,80.0,40.0,28.0,20.0,29.0,61.0,41.0,25.0,168.0,69.0,42.0,41.0,32.0,27.0,61.0,57.0,36.0,18.0,26.0,227.0,47.0,51.0,27.0,49.0,39.0,36.0,36.0,49.0,59.0,31.0,181.0,35.0,23.0,52.0,40.0,20.0,36.0,63.0,54.0,27.0,246.0,19.0,27.0,29.0,16.0,19.0,82.0,51.0,66.0,140.0,69.0,23.0,40.0,19.0,21.0,67.0,30.0,44.0,194.0,104.0
20.0,228.0,22.0,62.0,24.0,27.0,22.0,25.0,29.0,170.0,58.0,106.0,20.0,21.0,41.0,24.0,53.0,15.0,86.0,166.0,21.0,29.0,28.0,43.0,32.0,142.0,54.0,33.0,63.0,27.0,38.0,38.0,33.0,10.0,14.0,72.0,18.0,23.0,31.0,12.0,39.0,23.0,80.0,192.0,32.0,35.0,24.0,29.0,34.0,25.0,97.0,89.0,55.0,33.0,48.0,248.0,26.0,43.0,47.0,234.0,894.0,792.0,1160.0,1163.0,1278.0,1349.0,801.0,1452.0,1476.0,1513.0,1268.0,1097.0,1472.0,1564.0,1494.0,1721.0,1548.0,1100.0,1620.0,1539.0,1652.0,1061.0,1087.0,1218.0,1387.0,1297.0,1142.0,1420.0,1389.0,1447.0,1461.0,1240.0,1443.0,1569.0,1377.0,1296.0,1126.0,1255.0,1610.0,1155.0,897.0,932.0,1302.0,1401.0,1056.0,588.0,1162.0,998.0,1188.0,1356.0,729.0,990.0,990.0,786.0,1113.0,653.0,510.0,1020.0,788.0,585.0,634.0,943.0,735.0,429.0,598.0,254.0,261.0,586.0,526.0,313.0,238.0,250.0,300.0,219.0,259.0,172.0,190.0,222.0,170.0,194.0,142.0,100.0,235.0,197.0,142.0,188.0,97.0,106.0,106.0,147.0,187.0,117.0,72.0,150.0,80.0,86.0,132.0,88.0,60.0,69.0,44.0,32.0,26.0,29.0,44.0,39.0,53.0,36.0,238.0,105.0,32.0,46.0,27.0,49.0,22.0,49.0,46.0,35.0,188.0,21.0,27.0,52.0,87.0,73.0,25.0,76.0,181.0,30.0,28.0,22.0,97.0,45.0,23.0,22.0,25.0,30.0,23.0,42.0,30.0,264.0
22.0,175.0,59.0,44.0,29.0,36.0,39.0,33.0,17.0,24.0,43.0,40.0,39.0,37.0,276.0,66.0,18.0,46.0,33.0,31.0,44.0,54.0,24.0,220.0,45.0,52.0,27.0,45.0,27.0,58.0,46.0,31.0,44.0,31.0,22.0,57.0,272.0,63.0,19.0,14.0,26.0,21.0,32.0,20.0,45.0,25.0,56.0,237.0,32.0,40.0,51.0,34.0,112.0,553.0,646.0,772.0,870.0,979.0,954.0,1249.0,1371.0,1099.0,1295.0,1523.0,1318.0,1227.0,1320.0,1769.0,1552.0,1399.0,1370.0,1650.0,1413.0,951.0,1699.0,1293.0,1420.0,1059.0,1233.0,1207.0,961.0,1321.0,840.0,979.0,841.0,978.0,1257.0,1234.0,1387.0,1264.0,1330.0,1009.0,1360.0,552.0,1081.0,1116.0,933.0,1380.0,1050.0,948.0,1403.0,1232.0,801.0,1405.0,749.0,1021.0,1228.0,906.0,1074.0,869.0,764.0,1053.0,621.0,549.0,1066.0,514.0,654.0,762.0,306.0,550.0,554.0,341.0,460.0,327.0,376.0,449.0,238.0,241.0,328.0,199.0,215.0,58.0,119.0,145.0,123.0,154.0,105.0,87.0,283.0,68.0,57.0,84.0,58.0,102.0,59.0,40.0,170.0,101.0,30.0,41.0,42.0,77.0,71.0,74.0,42.0,49.0,53.0,45.0,200.0,61.0,29.0,31.0,34.0,40.0,61.0,41.0,31.0,33.0,24.0,29.0,15.0,27.0,24.0,28.0,173.0,57.0,31.0,20.0,28.0,120.0,27.0,35.0,48.0,21.0,31.0,47.0,33.0,48.0,36.0,29.0,21.0,43.0,24.0,241.0,24.0,47.0,40.0,35.0,15.0,36.0
24.0,19.0,24.0,47.0,16.0,28.0,226.0,37.0,78.0,44.0,47.0,24.0,27.0,83.0,23.0,18.0,228.0,52.0,46.0,59.0,85.0,25.0,23.0,51.0,18.0,56.0,39.0,19.0,208.0,77.0,42.0,101.0,25.0,40.0,61.0,63.0,46.0,68.0,39.0,228.0,38.0,27.0,34.0,47.0,34.0,36.0,324.0,747.0,519.0,780.0,963.0,958.0,780.0,1024.0,1266.0,893.0,699.0,1086.0,1014.0,1381.0,1632.0,1470.0,1599.0,1024.0,1327.0,1437.0,1290.0,1309.0,877.0,1597.0,1394.0,1443.0,1459.0,1249.0,1391.0,1133.0,1326.0,1048.0,1423.0,1685.0,1310.0,1016.0,1461.0,1422.0,1096.0,1273.0,1265.0,1312.0,1108.0,1399.0,1251.0,963.0,1401.0,1324.0,1147.0,1012.0,646.0,516.0,1259.0,938.0,973.0,1413.0,713.0,1429.0,949.0,1020.0,1066.0,789.0,990.0,808.0,605.0,987.0,1244.0,629.0,430.0,816.0,476.0,524.0,518.0,413.0,399.0,482.0,454.0,352.0,347.0,337.0,313.0,360.0,209.0,248.0,193.0,209.0,125.0,153.0,146.0,125.0,236.0,133.0,115.0,137.0,96.0,95.0,222.0,125.0,84.0,125.0,89.0,90.0,56.0,55.0,46.0,58.0,39.0,202.0,80.0,34.0,36.0,41.0,25.0,20.0,29.0,22.0,27.0,24.0,36.0,23.0,30.0,272.0,52.0,67.0,20.0,41.0,43.0,21.0,46.0,54.0,47.0,70.0,270.0,38.0,27.0,26.0,52.0,47.0,25.0,71.0,20.0,21.0,34.0,28.0,23.0,221.0,66.0,100.0,42.0,29.0,32.0,55.0,167.0,22.0
74.0,66.0,22.0,51.0,38.0,24.0,30.0,31.0,13.0,31.0,269.0,26.0,56.0,18.0,14.0,63.0,20.0,21.0,40.0,17.0,43.0,33.0,17.0,19.0,211.0,23.0,29.0,75.0,20.0,36.0,38.0,21.0,39.0,136.0,39.0,95.0,75.0,30.0,41.0,38.0,24.0,82.0,26.0,188.0,53.0,19.0,47.0,131.0,652.0,967.0,847.0,1235.0,977.0,1058.0,1257.0,1549.0,1290.0,1349.0,1406.0,1369.0,1511.0,1442.0,960.0,1245.0,1099.0,1322.0,1457.0,883.0,1719.0,1390.0,1468.0,1490.0,1501.0,1626.0,1611.0,1295.0,1243.0,1541.0,1045.0,1210.0,712.0,1233.0,1244.0,623.0,1308.0,756.0,926.0,1149.0,823.0,787.0,1185.0,1168.0,962.0,1271.0,913.0,1207.0,1055.0,924.0,1225.0,902.0,1080.0,805.0,812.0,1323.0,962.0,981.0,1024.0,856.0,709.0,609.0,542.0,687.0,378.0,379.0,445.0,267.0,250.0,347.0,285.0,310.0,247.0,262.0,251.0,361.0,152.0,287.0,126.0,226.0,166.0,173.0,151.0,143.0,101.0,104.0,167.0,42.0,73.0,107.0,97.0,83.0,52.0,53.0,56.0,56.0,47.0,37.0,41.0,35.0,33.0,54.0,188.0,52.0,34.0,24.0,43.0,32.0,32.0,51.0,49.0,196.0,33.0,42.0,27.0,22.0,66.0,156.0,46.0,35.0,76.0,27.0,40.0,24.0,61.0,185.0,23.0,34.0,42.0,50.0,28.0,45.0,53.0,159.0,23.0,21.0,29.0,63.0,15.0,28.0,22.0,48.0,29.0,50.0,27.0,41.0,14.0,85.0,160.0,66.0,37.0,40.0
173.0,33.0,40.0,24.0,44.0,76.0,46.0,24.0,67.0,23.0,165.0,15.0,15.0,19.0,57.0,11.0,34.0,31.0,19.0,36.0,76.0,143.0,184.0,50.0,34.0,13.0,49.0,54.0,34.0,47.0,29.0,60.0,13.0,219.0,24.0,62.0,50.0,63.0,24.0,47.0,22.0,31.0,213.0,68.0,322.0,778.0,876.0,913.0,895.0,1042.0,1533.0,1275.0,939.0,1443.0,1413.0,1489.0,1504.0,1581.0,1634.0,1488.0,1262.0,1202.0,1315.0,1382.0,1081.0,971.0,1168.0,544.0,1247.0,1326.0,1287.0,1250.0,1002.0,1338.0,1532.0,1082.0,801.0,1383.0,1158.0,1302.0,682.0,1171.0,724.0,1338.0,817.0,909.0,1263.0,1289.0,1297.0,1458.0,1015.0,1113.0,1333.0,822.0,1154.0,940.0,474.0,1047.0,734.0,754.0,898.0,770.0,1266.0,785.0,884.0,557.0,831.0,902.0,509.0,726.0,662.0,599.0,479.0,513.0,408.0,301.0,282.0,319.0,256.0,232.0,216.0,201.0,343.0,189.0,198.0,187.0,126.0,133.0,84.0,104.0,99.0,138.0,111.0,106.0,62.0,67.0,44.0,70.0,42.0,240.0,51.0,120.0,88.0,73.0,25.0,32.0,65.0,27.0,254.0,29.0,39.0,38.0,36.0,50.0,103.0,166.0,27.0,88.0,43.0,35.0,31.0,151.0,47.0,38.0,30.0,20.0,63.0,32.0,59.0,58.0,20.0,38.0,35.0,24.0,35.0,209.0,77.0,96.0,69.0,22.0,50.0,29.0,16.0,57.0,172.0,51.0,26.0,33.0,25.0,47.0,36.0,31.0,64.0,170.0,45.0,33.0,33.0,59.0,28.0,67.0
73.0,25.0,24.0,170.0,59.0,23.0,36.0,52.0,38.0,35.0,28.0,90.0,20.0,21.0,28.0,49.0,31.0,30.0,59.0,18.0,273.0,20.0,43.0,19.0,27.0,13.0,22.0,38.0,205.0,49.0,24.0,75.0,79.0,18.0,48.0,200.0,73.0,56.0,44.0,223.0,640.0,984.0,768.0,883.0,1087.0,1459.0,1371.0,1344.0,1454.0,1299.0,1338.0,1238.0,1406.0,1512.0,1379.0,684.0,1521.0,1154.0,1180.0,1437.0,1359.0,1550.0,1581.0,1597.0,1450.0,1564.0,1581.0,1411.0,1089.0,1263.0,1314.0,661.0,829.0,1076.0,510.0,814.0,1018.0,771.0,810.0,789.0,1120.0,936.0,1288.0,1002.0,1352.0,1197.0,890.0,1316.0,985.0,1324.0,1257.0,866.0,1453.0,1175.0,959.0,1192.0,569.0,409.0,756.0,419.0,593.0,431.0,440.0,301.0,251.0,389.0,393.0,297.0,256.0,161.0,111.0,102.0,200.0,117.0,348.0,147.0,146.0,179.0,170.0,151.0,86.0,98.0,102.0,93.0,81.0,84.0,210.0,94.0,101.0,110.0,55.0,70.0,83.0,32.0,79.0,73.0,66.0,207.0,32.0,39.0,40.0,50.0,31.0,38.0,26.0,17.0,36.0,55.0,251.0,29.0,43.0,14.0,68.0,24.0,23.0,15.0,60.0,55.0,180.0,32.0,41.0,97.0,32.0,30.0,21.0,30.0,29.0,17.0,41.0,220.0,42.0,13.0,45.0,19.0,49.0,26.0,40.0,58.0,27.0,71.0,220.0,20.0,23.0,43.0,40.0,27.0,41.0,32.0,35.0,28.0,44.0,54.0,206.0,49.0,43.0,113.0,56.0,33.0,53.0,27.0
27.0,35.0,198.0,10.0,67.0,43.0,50.0,27.0,55.0,10.0,43.0,12.0,43.0,195.0,115.0,20.0,9.0,25.0,44.0,28.0,23.0,82.0,43.0,24.0,87.0,236.0,26.0,38.0,29.0,79.0,13.0,43.0,32.0,236.0,35.0,29.0,67.0,12.0,47.0,22.0,184.0,60.0,57.0,19.0,86.0,275.0,652.0,823.0,865.0,1019.0,1323.0,1097.0,1433.0,1298.0,1461.0,1509.0,1333.0,1454.0,1599.0,1580.0,1475.0,1545.0,1484.0,1614.0,1591.0,1302.0,1169.0,1228.0,1303.0,1349.0,1066.0,1394.0,1547.0,1219.0,1075.0,1147.0,1105.0,811.0,1023.0,762.0,852.0,1101.0,990.0,790.0,1078.0,1149.0,1143.0,1236.0,1286.0,996.0,1525.0,1196.0,1147.0,1229.0,869.0,1000.0,1085.0,1149.0,863.0,789.0,825.0,742.0,786.0,738.0,741.0,637.0,621.0,591.0,306.0,530.0,382.0,276.0,276.0,367.0,261.0,318.0,291.0,210.0,288.0,183.0,243.0,148.0,127.0,130.0,207.0,135.0,128.0,160.0,55.0,65.0,87.0,106.0,83.0,81.0,48.0,54.0,32.0,74.0,43.0,48.0,233.0,24.0,24.0,28.0,35.0,34.0,59.0,38.0,61.0,37.0,41.0,202.0,30.0,30.0,30.0,62.0,47.0,14.0,13.0,44.0,23.0,36.0,259.0,30.0,24.0,26.0,14.0,20.0,15.0,38.0,24.0,40.0,66.0,35.0,30.0,260.0,47.0,21.0,16.0,64.0,28.0,27.0,28.0,32.0,244.0,32.0,28.0,26.0,37.0,47.0,27.0,24.0,182.0,22.0,73.0,25.0,26.0,47.0,49.0,46.0
65.0,27.0,42.0,77.0,16.0,45.0,34.0,27.0,26.0,204.0,42.0,20.0,31.0,34.0,55.0,31.0,179.0,93.0,76.0,95.0,24.0,27.0,140.0,78.0,79.0,33.0,65.0,56.0,38.0,22.0,29.0,27.0,258.0,21.0,17.0,46.0,33.0,52.0,29.0,17.0,40.0,207.0,36.0,19.0,18.0,56.0,42.0,60.0,42.0,22.0,37.0,263.0,511.0,696.0,901.0,882.0,686.0,1279.0,1299.0,1512.0,1383.0,1295.0,1471.0,1320.0,1517.0,1262.0,1473.0,1437.0,1098.0,1347.0,1249.0,1230.0,1318.0,1455.0,1146.0,1252.0,1408.0,1508.0,1389.0,1383.0,1250.0,1094.0,830.0,889.0,1244.0,931.0,598.0,1010.0,731.0,1100.0,1240.0,809.0,945.0,936.0,949.0,966.0,1181.0,1010.0,1117.0,1089.0,743.0,1149.0,824.0,480.0,806.0,329.0,743.0,655.0,797.0,606.0,697.0,257.0,615.0,398.0,319.0,391.0,228.0,240.0,121.0,244.0,313.0,119.0,206.0,147.0,135.0,171.0,164.0,90.0,193.0,216.0,127.0,115.0,67.0,123.0,75.0,87.0,50.0,52.0,56.0,78.0,193.0,54.0,49.0,31.0,47.0,38.0,44.0,206.0,123.0,28.0,33.0,74.0,33.0,35.0,44.0,51.0,32.0,40.0,45.0,38.0,38.0,34.0,14.0,35.0,296.0,38.0,26.0,50.0,90.0,35.0,55.0,122.0,74.0,70.0,38.0,23.0,22.0,36.0,29.0,33.0,52.0,228.0,18.0,36.0,40.0,46.0,26.0,65.0,39.0,22.0,24.0,62.0,220.0,53.0,29.0,37.0,27.0,37.0,58.0,93.0
19.0,12.0,228.0,32.0,54.0,28.0,18.0,16.0,35.0,30.0,25.0,23.0,31.0,71.0,16.0,287.0,48.0,20.0,14.0,31.0,60.0,196.0,35.0,50.0,33.0,15.0,59.0,61.0,33.0,54.0,34.0,30.0,32.0,38.0,47.0,21.0,31.0,28.0,69.0,186.0,49.0,23.0,56.0,25.0,29.0,37.0,15.0,29.0,221.0,33.0,27.0,64.0,427.0,812.0,615.0,964.0,1116.0,869.0,1025.0,1428.0,1424.0,1315.0,1139.0,1481.0,1605.0,1593.0,1203.0,1114.0,1004.0,1357.0,1351.0,1338.0,1202.0,1287.0,1012.0,1299.0,1176.0,1252.0,1351.0,1256.0,1145.0,1273.0,1078.0,1236.0,1234.0,1394.0,1320.0,1166.0,1449.0,1098.0,845.0,1390.0,892.0,828.0,716.0,646.0,1013.0,929.0,860.0,777.0,1291.0,990.0,1241.0,1203.0,868.0,1434.0,971.0,822.0,997.0,572.0,1178.0,896.0,980.0,1196.0,823.0,1232.0,849.0,697.0,490.0,552.0,390.0,351.0,223.0,429.0,328.0,234.0,152.0,274.0,149.0,214.0,149.0,129.0,165.0,85.0,115.0,215.0,93.0,115.0,73.0,85.0,199.0,81.0,61.0,91.0,106.0,36.0,46.0,43.0,63.0,119.0,61.0,38.0,94.0,235.0,58.0,37.0,45.0,32.0,51.0,64.0,49.0,46.0,32.0,42.0,167.0,31.0,29.0,20.0,26.0,42.0,54.0,27.0,36.0,26.0,33.0,38.0,201.0,25.0,16.0,14.0,15.0,60.0,55.0,23.0,44.0,29.0,44.0,182.0,22.0,38.0,46.0,83.0,38.0,38.0,71.0,59.0,20.0,39.0,29.0,31.0
14.0,30.0,19.0,37.0,193.0,37.0,47.0,27.0,38.0,56.0,40.0,43.0,18.0,38.0,40.0,266.0,17.0,15.0,38.0,34.0,23.0,35.0,208.0,27.0,28.0,40.0,22.0,38.0,47.0,51.0,56.0,23.0,40.0,38.0,269.0,24.0,24.0,21.0,55.0,40.0,48.0,30.0,33.0,253.0,352.0,624.0,649.0,765.0,696.0,1151.0,1110.0,1001.0,1257.0,1465.0,1627.0,1195.0,1111.0,1409.0,1203.0,1562.0,1661.0,1230.0,956.0,609.0,1444.0,884.0,607.0,1375.0,974.0,1332.0,1192.0,1007.0,1005.0,1029.0,789.0,1215.0,1024.0,415.0,834.0,714.0,911.0,882.0,622.0,732.0,514.0,785.0,862.0,402.0,877.0,468.0,637.0,381.0,532.0,319.0,354.0,398.0,404.0,236.0,252.0,545.0,290.0,199.0,459.0,280.0,270.0,123.0,335.0,182.0,303.0,154.0,130.0,126.0,101.0,127.0,155.0,73.0,107.0,93.0,108.0,67.0,66.0,62.0,53.0,61.0,188.0,56.0,60.0,46.0,49.0,51.0,54.0,161.0,32.0,60.0,26.0,70.0,53.0,25.0,37.0,28.0,218.0,33.0,30.0,49.0,26.0,61.0,68.0,89.0,26.0,184.0,38.0,32.0,56.0,16.0,147.0,57.0,37.0,26.0,24.0,43.0,28.0,16.0,21.0,9.0,22.0,185.0,34.0,49.0,38.0,24.0,27.0,29.0,41.0,46.0,24.0,18.0,234.0,103.0,80.0,56.0,43.0,53.0,42.0,12.0,32.0,19.0,231.0,96.0,44.0,27.0,26.0,63.0,13.0,23.0,29.0,42.0,44.0,182.0,31.0,41.0
56.0,26.0,26.0,40.0,28.0,57.0,31.0,15.0,17.0,22.0,201.0,19.0,31.0,36.0,35.0,30.0,41.0,37.0,25.0,230.0,12.0,39.0,22.0,43.0,88.0,32.0,20.0,25.0,48.0,33.0,36.0,83.0,19.0,38.0,216.0,42.0,23.0,35.0,34.0,34.0,32.0,213.0,126.0,709.0,771.0,849.0,1082.0,1353.0,1310.0,1296.0,1580.0,1337.0,1220.0,1504.0,1082.0,1634.0,1546.0,1384.0,995.0,1473.0,1236.0,1451.0,1339.0,1376.0,1691.0,1399.0,890.0,1213.0,1056.0,1242.0,1046.0,952.0,754.0,572.0,749.0,943.0,831.0,1073.0,1201.0,834.0,1189.0,857.0,876.0,1120.0,1310.0,906.0,1066.0,983.0,1192.0,1204.0,769.0,1313.0,925.0,988.0,1001.0,915.0,623.0,403.0,535.0,518.0,335.0,387.0,198.0,406.0,284.0,215.0,181.0,160.0,153.0,141.0,105.0,86.0,83.0,81.0,129.0,114.0,121.0,78.0,307.0,87.0,64.0,74.0,40.0,86.0,39.0,91.0,208.0,65.0,86.0,81.0,135.0,66.0,75.0,37.0,48.0,61.0,42.0,26.0,49.0,175.0,25.0,33.0,40.0,14.0,76.0,23.0,30.0,47.0,22.0,43.0,222.0,55.0,67.0,42.0,55.0,27.0,23.0,59.0,26.0,26.0,274.0,57.0,37.0,35.0,61.0,24.0,32.0,40.0,64.0,31.0,32.0,37.0,48.0,74.0,18.0,183.0,29.0,22.0,40.0,82.0,91.0,30.0,40.0,127.0,17.0,77.0,25.0,80.0,40.0,36.0,39.0,33.0,33.0,37.0,22.0,60.0,218.0,54.0,27.0,18.0
660.0,505.0,472.0,837.0,725.0,834.0,667.0,928.0,930.0,1182.0,1347.0,1353.0,1412.0,1463.0,1536.0,1428.0,1473.0,1451.0,1469.0,1258.0,1287.0,1162.0,1549.0,1548.0,1585.0,1225.0,917.0,1109.0,997.0,1299.0,1022.0,1303.0,1010.0,1140.0,1190.0,1164.0,694.0,1478.0,821.0,746.0,1277.0,788.0,1013.0,1413.0,1050.0,1037.0,1110.0,746.0,1121.0,928.0,983.0,1277.0,877.0,647.0,914.0,671.0,700.0,519.0,947.0,633.0,408.0,627.0,646.0,506.0,435.0,516.0,274.0,306.0,285.0,253.0,182.0,255.0,171.0,130.0,176.0,75.0,125.0,141.0,252.0,143.0,122.0,226.0,107.0,174.0,122.0,119.0,61.0,77.0,47.0,76.0,67.0,49.0,91.0,256.0,58.0,39.0,35.0,35.0,31.0,33.0,22.0,24.0,36.0,210.0,34.0,46.0,17.0,26.0,22.0,30.0,40.0,34.0,19.0,42.0,213.0,44.0,44.0,24.0,21.0,64.0,24.0,55.0,21.0,20.0,205.0,44.0,40.0,45.0,53.0,43.0,35.0,37.0,26.0,45.0,63.0,19.0,63.0,273.0,40.0,21.0,56.0,51.0,32.0,198.0,106.0,21.0,11.0,23.0,19.0,41.0,38.0,26.0,38.0,18.0,47.0,238.0,16.0,55.0,18.0,67.0,18.0,22.0,43.0,24.0,27.0,51.0,41.0,181.0,34.0,24.0,24.0,25.0,36.0,19.0,40.0,18.0,25.0,21.0,209.0,81.0,56.0,62.0,43.0,18.0,21.0,26.0,33.0,18.0,10.0,28.0,38.0,231.0,36.0,42.0,53.0,41.0,165.0,59.0,21.0,17.0
39.0,36.0,25.0,39.0,18.0,235.0,45.0,30.0,49.0,40.0,19.0,42.0,29.0,34.0,198.0,94.0,20.0,21.0,15.0,25.0,33.0,39.0,20.0,24.0,10.0,18.0,34.0,25.0,14.0,32.0,28.0,277.0,19.0,54.0,33.0,31.0,17.0,36.0,68.0,226.0,491.0,546.0,607.0,843.0,1065.0,835.0,1229.0,1123.0,1350.0,1376.0,1482.0,1338.0,1336.0,1466.0,1534.0,1562.0,1547.0,1517.0,1444.0,1456.0,1353.0,1114.0,453.0,702.0,786.0,932.0,1159.0,797.0,780.0,818.0,806.0,941.0,826.0,1143.0,933.0,654.0,678.0,535.0,591.0,1044.0,1108.0,906.0,1164.0,1077.0,1415.0,709.0,937.0,1001.0,793.0,688.0,1024.0,459.0,607.0,584.0,868.0,519.0,557.0,937.0,583.0,496.0,387.0,162.0,312.0,369.0,294.0,193.0,96.0,292.0,192.0,145.0,140.0,128.0,134.0,236.0,162.0,100.0,154.0,112.0,105.0,70.0,65.0,69.0,52.0,35.0,311.0,87.0,71.0,29.0,78.0,39.0,73.0,49.0,42.0,204.0,54.0,40.0,27.0,61.0,24.0,47.0,26.0,41.0,75.0,18.0,63.0,79.0,186.0,18.0,83.0,28.0,71.0,17.0,22.0,41.0,21.0,46.0,60.0,260.0,61.0,23.0,40.0,26.0,27.0,23.0,30.0,69.0,165.0,34.0,34.0,17.0,26.0,31.0,36.0,30.0,30.0,58.0,31.0,25.0,44.0,56.0,42.0,274.0,28.0,66.0,19.0,40.0,39.0,16.0,33.0,33.0,250.0,43.0,22.0,19.0,37.0,20.0,19.0,28.0,33.0,25.0
38.0,27.0,63.0,26.0,21.0,30.0,27.0,47.0,64.0,21.0,29.0,20.0,26.0,20.0,70.0,205.0,40.0,72.0,27.0,35.0,30.0,28.0,217.0,81.0,38.0,57.0,33.0,20.0,21.0,103.0,34.0,23.0,27.0,20.0,15.0,192.0,100.0,54.0,21.0,157.0,57.0,17.0,101.0,497.0,646.0,1047.0,682.0,1098.0,1102.0,1220.0,1102.0,1092.0,1425.0,1440.0,1526.0,1243.0,1526.0,1330.0,1257.0,1197.0,1011.0,1669.0,1232.0,1414.0,1379.0,1480.0,1398.0,1305.0,984.0,974.0,999.0,828.0,651.0,886.0,811.0,782.0,989.0,1339.0,955.0,908.0,1121.0,780.0,1132.0,878.0,709.0,1464.0,721.0,973.0,1164.0,879.0,755.0,914.0,806.0,740.0,518.0,630.0,614.0,401.0,764.0,558.0,418.0,451.0,401.0,262.0,380.0,210.0,225.0,126.0,209.0,156.0,149.0,178.0,82.0,195.0,125.0,139.0,60.0,85.0,90.0,150.0,94.0,96.0,77.0,59.0,246.0,56.0,103.0,105.0,63.0,59.0,29.0,67.0,147.0,69.0,18.0,32.0,30.0,21.0,36.0,29.0,43.0,52.0,58.0,44.0,29.0,31.0,290.0,22.0,57.0,33.0,11.0,45.0,64.0,43.0,24.0,31.0,237.0,11.0,60.0,21.0,71.0,73.0,107.0,30.0,44.0,162.0,53.0,40.0,28.0,50.0,32.0,120.0,54.0,12.0,88.0,21.0,34.0,41.0,39.0,168.0,24.0,32.0,41.0,43.0,41.0,31.0,59.0,40.0,28.0,35.0,64.0,26.0,31.0,24.0,57.0,38.0,235.0,59.0,32.0,46.0
23.0,86.0,26.0,29.0,246.0,27.0,17.0,18.0,26.0,27.0,31.0,65.0,50.0,21.0,60.0,45.0,272.0,43.0,21.0,47.0,63.0,56.0,26.0,57.0,199.0,52.0,16.0,26.0,49.0,15.0,26.0,189.0,53.0,38.0,14.0,17.0,31.0,87.0,54.0,37.0,207.0,50.0,35.0,38.0,61.0,131.0,104.0,26.0,71.0,41.0,26.0,23.0,262.0,63.0,33.0,39.0,57.0,32.0,138.0,696.0,586.0,1126.0,1176.0,1357.0,1276.0,1135.0,1423.0,1385.0,1493.0,1500.0,1535.0,1108.0,1347.0,1562.0,1465.0,1189.0,1687.0,1568.0,1534.0,1630.0,1605.0,1441.0,1449.0,1075.0,636.0,901.0,960.0,1022.0,977.0,775.0,721.0,1099.0,1047.0,1149.0,1109.0,884.0,809.0,666.0,951.0,771.0,1330.0,859.0,890.0,961.0,853.0,1210.0,893.0,810.0,738.0,908.0,481.0,610.0,317.0,697.0,311.0,415.0,361.0,287.0,364.0,344.0,243.0,252.0,154.0,171.0,190.0,97.0,146.0,90.0,65.0,59.0,125.0,68.0,133.0,65.0,132.0,91.0,85.0,268.0,90.0,65.0,85.0,177.0,76.0,50.0,34.0,70.0,55.0,75.0,37.0,199.0,96.0,34.0,36.0,37.0,32.0,41.0,38.0,22.0,21.0,35.0,226.0,30.0,64.0,37.0,51.0,87.0,20.0,56.0,28.0,110.0,50.0,17.0,23.0,220.0,38.0,42.0,21.0,39.0,43.0,27.0,32.0,119.0,28.0,52.0,298.0,46.0,38.0,47.0,19.0,45.0,80.0,105.0,58.0,29.0,25.0,39.0,47.0,27.0,65.0,19.0
656.0,927.0,804.0,1060.0,1090.0,1209.0,1309.0,1293.0,1377.0,1263.0,1310.0,1196.0,1416.0,1495.0,1186.0,1464.0,1413.0,1668.0,1337.0,1338.0,1549.0,1443.0,1299.0,1043.0,694.0,1051.0,1342.0,1085.0,1074.0,772.0,758.0,945.0,874.0,717.0,925.0,1086.0,755.0,592.0,991.0,716.0,874.0,1230.0,575.0,929.0,894.0,724.0,790.0,624.0,864.0,729.0,468.0,685.0,608.0,944.0,570.0,618.0,819.0,556.0,556.0,395.0,417.0,287.0,355.0,283.0,406.0,294.0,271.0,121.0,233.0,149.0,117.0,96.0,165.0,137.0,104.0,238.0,81.0,65.0,90.0,106.0,136.0,55.0,34.0,46.0,86.0,60.0,265.0,40.0,23.0,54.0,25.0,37.0,39.0,28.0,22.0,252.0,98.0,25.0,31.0,32.0,52.0,74.0,29.0,24.0,46.0,24.0,28.0,27.0,259.0,79.0,57.0,26.0,56.0,44.0,30.0,15.0,44.0,22.0,40.0,34.0,22.0,267.0,38.0,63.0,63.0,84.0,34.0,74.0,31.0,35.0,23.0,56.0,266.0,40.0,58.0,32.0,122.0,101.0,52.0,36.0,54.0,73.0,23.0,36.0,29.0,39.0,21.0,129.0,147.0,68.0,81.0,49.0,41.0,25.0,32.0,35.0,39.0,174.0,57.0,66.0,75.0,55.0,105.0,38.0,89.0,214.0,67.0,23.0,35.0,55.0,90.0,29.0,21.0,21.0,226.0,47.0,28.0,39.0,70.0,21.0,36.0,31.0,215.0,81.0,34.0,111.0,20.0,44.0,27.0,14.0,52.0,51.0,26.0,287.0,78.0,27.0,19.0,107.0,44.0,27.0
33.0,33.0,40.0,29.0,190.0,16.0,51.0,93.0,68.0,29.0,38.0,20.0,25.0,23.0,44.0,37.0,41.0,42.0,21.0,60.0,62.0,52.0,331.0,11.0,99.0,35.0,105.0,37.0,25.0,24.0,27.0,13.0,223.0,38.0,66.0,54.0,36.0,21.0,28.0,61.0,49.0,233.0,512.0,769.0,852.0,991.0,936.0,1108.0,1006.0,1296.0,1083.0,1301.0,1427.0,1502.0,1273.0,1234.0,1500.0,1429.0,1469.0,1405.0,1440.0,1535.0,1320.0,1013.0,691.0,791.0,755.0,1020.0,1050.0,868.0,972.0,1228.0,1255.0,1026.0,657.0,1179.0,658.0,848.0,967.0,726.0,1095.0,1345.0,853.0,977.0,1273.0,692.0,1177.0,875.0,754.0,1027.0,738.0,1236.0,1126.0,584.0,1147.0,382.0,769.0,749.0,477.0,584.0,445.0,408.0,645.0,408.0,372.0,233.0,392.0,200.0,257.0,176.0,178.0,186.0,153.0,138.0,107.0,112.0,80.0,53.0,271.0,120.0,112.0,120.0,95.0,99.0,85.0,189.0,114.0,66.0,61.0,87.0,58.0,60.0,71.0,48.0,44.0,42.0,70.0,234.0,61.0,32.0,37.0,17.0,25.0,49.0,24.0,31.0,29.0,238.0,59.0,54.0,86.0,51.0,54.0,32.0,51.0,34.0,205.0,29.0,26.0,24.0,44.0,70.0,38.0,17.0,22.0,15.0,28.0,212.0,48.0,75.0,64.0,19.0,42.0,23.0,80.0,27.0,230.0,43.0,17.0,45.0,27.0,47.0,57.0,183.0,25.0,41.0,63.0,30.0,101.0,68.0,31.0,54.0,149.0,22.0,17.0,32.0,48.0,36.0,19.0,18.0
23.0,200.0,39.0,45.0,15.0,24.0,51.0,36.0,37.0,15.0,54.0,62.0,173.0,45.0,55.0,75.0,42.0,57.0,21.0,42.0,16.0,24.0,31.0,32.0,31.0,226.0,67.0,34.0,25.0,35.0,31.0,31.0,26.0,26.0,36.0,32.0,47.0,187.0,26.0,26.0,95.0,43.0,37.0,51.0,42.0,56.0,62.0,297.0,62.0,33.0,39.0,54.0,299.0,634.0,546.0,589.0,610.0,1126.0,1002.0,1388.0,1097.0,1012.0,1519.0,1340.0,1359.0,1678.0,1146.0,1210.0,1290.0,1277.0,1330.0,754.0,1075.0,1334.0,1084.0,1121.0,1413.0,1484.0,1523.0,1283.0,1456.0,1679.0,1766.0,1642.0,1291.0,1314.0,841.0,1132.0,1163.0,1288.0,974.0,1150.0,1344.0,938.0,1201.0,1120.0,1363.0,617.0,952.0,882.0,1226.0,1095.0,1186.0,753.0,604.0,994.0,853.0,649.0,888.0,345.0,1245.0,853.0,593.0,973.0,543.0,597.0,600.0,311.0,511.0,459.0,308.0,341.0,380.0,252.0,228.0,237.0,162.0,259.0,119.0,264.0,143.0,139.0,134.0,72.0,105.0,110.0,226.0,109.0,62.0,48.0,66.0,54.0,66.0,47.0,149.0,96.0,43.0,75.0,69.0,59.0,232.0,55.0,88.0,26.0,62.0,45.0,48.0,46.0,43.0,35.0,36.0,180.0,24.0,60.0,55.0,78.0,37.0,25.0,77.0,147.0,43.0,39.0,25.0,26.0,56.0,22.0,16.0,42.0,46.0,46.0,33.0,39.0,187.0,47.0,59.0,33.0,23.0,41.0,219.0,21.0,59.0,94.0,55.0,18.0,32.0,61.0,33.0,28.0,31.0,32.0
44.0,33.0,14.0,98.0,45.0,21.0,58.0,12.0,26.0,216.0,37.0,60.0,29.0,48.0,14.0,42.0,27.0,12.0,16.0,36.0,209.0,36.0,47.0,52.0,34.0,11.0,33.0,26.0,21.0,49.0,43.0,236.0,82.0,26.0,24.0,39.0,25.0,25.0,30.0,41.0,17.0,103.0,187.0,45.0,95.0,46.0,57.0,24.0,16.0,51.0,56.0,34.0,70.0,32.0,275.0,40.0,66.0,22.0,80.0,42.0,139.0,589.0,750.0,681.0,749.0,856.0,1441.0,1268.0,1233.0,1511.0,1350.0,1326.0,1405.0,1244.0,1442.0,1309.0,1460.0,1420.0,1319.0,1565.0,1532.0,926.0,998.0,987.0,861.0,1106.0,939.0,1484.0,973.0,1042.0,1230.0,805.0,857.0,1127.0,1190.0,1180.0,1236.0,584.0,985.0,1230.0,1132.0,1272.0,1027.0,930.0,1379.0,652.0,1014.0,810.0,819.0,956.0,656.0,662.0,675.0,280.0,939.0,685.0,369.0,566.0,455.0,459.0,468.0,318.0,240.0,250.0,363.0,171.0,190.0,230.0,251.0,119.0,149.0,113.0,144.0,139.0,116.0,269.0,139.0,122.0,81.0,109.0,80.0,74.0,46.0,184.0,78.0,60.0,100.0,57.0,61.0,53.0,62.0,150.0,92.0,59.0,41.0,50.0,137.0,56.0,50.0,52.0,22.0,25.0,31.0,34.0,44.0,229.0,40.0,31.0,34.0,34.0,30.0,25.0,29.0,30.0,47.0,33.0,26.0,40.0,30.0,26.0,234.0,49.0,23.0,34.0,79.0,104.0,33.0,26.0,16.0,29.0,61.0,250.0,40.0,30.0,37.0,46.0,39.0,21.0,18.0,16.0
25.0,44.0,21.0,141.0,54.0,49.0,28.0,1248.0,27.0,32.0,29.0,113.0,19.0,28.0,47.0,60.0,244.0,25.0,54.0,28.0,24.0,9.0,70.0,9.0,18.0,62.0,23.0,32.0,228.0,35.0,21.0,40.0,35.0,36.0,207.0,58.0,31.0,42.0,12.0,29.0,37.0,34.0,50.0,46.0,17.0,17.0,45.0,28.0,170.0,35.0,44.0,159.0,31.0,16.0,22.0,37.0,24.0,32.0,205.0,22.0,50.0,22.0,170.0,318.0,517.0,618.0,831.0,894.0,935.0,1098.0,1604.0,1327.0,1407.0,1587.0,1214.0,1547.0,1078.0,1388.0,1634.0,1518.0,1103.0,1072.0,1155.0,1031.0,1418.0,877.0,875.0,1158.0,989.0,1163.0,1133.0,1065.0,1121.0,1022.0,1310.0,933.0,1502.0,717.0,953.0,813.0,675.0,1124.0,989.0,784.0,1430.0,828.0,1064.0,1184.0,565.0,713.0,758.0,695.0,741.0,569.0,670.0,358.0,721.0,582.0,814.0,596.0,425.0,509.0,352.0,393.0,361.0,312.0,474.0,268.0,187.0,113.0,189.0,81.0,140.0,52.0,278.0,82.0,85.0,119.0,96.0,122.0,93.0,118.0,98.0,52.0,62.0,67.0,62.0,225.0,86.0,35.0,44.0,52.0,30.0,30.0,28.0,41.0,37.0,24.0,39.0,201.0,103.0,32.0,25.0,93.0,23.0,23.0,33.0,91.0,21.0,226.0,36.0,17.0,31.0,17.0,21.0,36.0,25.0,27.0,101.0,26.0,79.0,182.0,33.0,28.0,34.0,107.0,36.0,30.0,47.0,109.0,55.0,32.0,28.0,47.0,40.0,58.0,23.0,47.0,33.0,236.0
31.0,28.0,28.0,13.0,39.0,15.0,288.0,33.0,21.0,20.0,28.0,29.0,27.0,53.0,52.0,25.0,23.0,46.0,195.0,23.0,22.0,17.0,35.0,44.0,16.0,23.0,40.0,48.0,41.0,19.0,53.0,221.0,68.0,46.0,30.0,78.0,42.0,43.0,22.0,94.0,223.0,20.0,21.0,14.0,17.0,53.0,54.0,51.0,23.0,59.0,28.0,203.0,89.0,26.0,96.0,35.0,51.0,31.0,29.0,55.0,19.0,91.0,605.0,838.0,623.0,993.0,902.0,921.0,1471.0,1292.0,1171.0,1209.0,1322.0,1354.0,1539.0,1472.0,1443.0,1514.0,1548.0,1220.0,1420.0,1188.0,1018.0,1404.0,1121.0,1076.0,588.0,837.0,918.0,1165.0,784.0,1033.0,820.0,896.0,609.0,689.0,497.0,554.0,658.0,552.0,958.0,772.0,995.0,1261.0,727.0,1198.0,1111.0,796.0,848.0,529.0,827.0,698.0,611.0,790.0,801.0,721.0,1093.0,570.0,970.0,646.0,442.0,611.0,264.0,481.0,313.0,298.0,89.0,282.0,220.0,208.0,121.0,147.0,199.0,77.0,119.0,106.0,54.0,163.0,51.0,84.0,96.0,41.0,95.0,70.0,48.0,52.0,61.0,96.0,59.0,72.0,50.0,276.0,62.0,53.0,30.0,44.0,34.0,65.0,38.0,33.0,225.0,49.0,104.0,18.0,33.0,33.0,53.0,34.0,23.0,24.0,49.0,32.0,228.0,59.0,22.0,66.0,146.0,48.0,27.0,35.0,60.0,60.0,22.0,26.0,20.0,19.0,42.0,240.0,60.0,30.0,16.0,59.0,94.0,45.0,30.0,31.0,42.0,43.0,199.0,25.0
61.0,26.0,24.0,46.0,59.0,10.0,202.0,23.0,30.0,24.0,379.0,165.0,79.0,17.0,61.0,42.0,23.0,28.0,27.0,29.0,31.0,187.0,51.0,61.0,16.0,26.0,14.0,47.0,135.0,25.0,64.0,55.0,43.0,40.0,47.0,43.0,44.0,54.0,27.0,66.0,25.0,35.0,27.0,318.0,114.0,407.0,735.0,440.0,717.0,1292.0,1022.0,1358.0,1227.0,1486.0,1519.0,1149.0,1365.0,1349.0,1490.0,1112.0,1108.0,1245.0,1603.0,1241.0,1352.0,1393.0,1188.0,1273.0,1399.0,944.0,898.0,965.0,820.0,661.0,1098.0,932.0,1001.0,1226.0,969.0,942.0,813.0,665.0,490.0,1086.0,1230.0,897.0,1443.0,791.0,865.0,1269.0,919.0,998.0,989.0,793.0,636.0,641.0,714.0,395.0,453.0,497.0,527.0,457.0,745.0,454.0,642.0,365.0,368.0,266.0,237.0,211.0,141.0,217.0,80.0,274.0,188.0,132.0,127.0,86.0,94.0,93.0,170.0,83.0,129.0,66.0,68.0,69.0,50.0,99.0,72.0,48.0,55.0,262.0,120.0,71.0,116.0,50.0,125.0,62.0,31.0,42.0,34.0,117.0,21.0,46.0,60.0,22.0,37.0,27.0,33.0,255.0,30.0,22.0,69.0,42.0,26.0,41.0,24.0,26.0,242.0,95.0,101.0,40.0,25.0,296.0,38.0,114.0,29.0,28.0,32.0,42.0,25.0,85.0,59.0,32.0,64.0,20.0,207.0,99.0,32.0,42.0,57.0,45.0,23.0,29.0,213.0,52.0,87.0,54.0,38.0,23.0,21.0,32.0,41.0,25.0,166.0,34.0,17.0,27.0,28.0,17.0
25.0,41.0,12.0,10.0,23.0,21.0,255.0,56.0,41.0,23.0,56.0,26.0,105.0,57.0,69.0,35.0,204.0,22.0,78.0,29.0,38.0,32.0,46.0,24.0,41.0,30.0,39.0,29.0,29.0,28.0,30.0,28.0,24.0,27.0,41.0,248.0,20.0,33.0,42.0,19.0,21.0,198.0,42.0,70.0,429.0,710.0,574.0,569.0,765.0,763.0,991.0,935.0,1198.0,1193.0,1526.0,1387.0,1399.0,1547.0,1362.0,1555.0,1317.0,1610.0,1224.0,1489.0,1115.0,1421.0,1402.0,1385.0,953.0,905.0,1204.0,1206.0,1057.0,874.0,905.0,1012.0,779.0,658.0,941.0,737.0,713.0,996.0,1130.0,767.0,715.0,1145.0,872.0,914.0,1266.0,892.0,986.0,744.0,852.0,1041.0,1303.0,801.0,742.0,728.0,593.0,1085.0,1100.0,1172.0,1218.0,842.0,1145.0,932.0,262.0,673.0,265.0,530.0,376.0,380.0,321.0,231.0,242.0,245.0,211.0,146.0,183.0,146.0,147.0,187.0,83.0,94.0,71.0,79.0,145.0,127.0,86.0,139.0,214.0,118.0,67.0,76.0,82.0,55.0,67.0,48.0,103.0,190.0,33.0,70.0,79.0,58.0,28.0,62.0,43.0,47.0,57.0,241.0,28.0,83.0,28.0,18.0,35.0,63.0,23.0,144.0,29.0,80.0,15.0,35.0,20.0,41.0,87.0,21.0,66.0,29.0,91.0,46.0,230.0,62.0,44.0,48.0,17.0,42.0,55.0,13.0,24.0,36.0,49.0,238.0,24.0,29.0,87.0,33.0,31.0,168.0,91.0,37.0,26.0,45.0,61.0,40.0,37.0,145.0,48.0,24.0,38.0,21.0
20.0,38.0,14.0,16.0,51.0,33.0,20.0,34.0,31.0,48.0,318.0,32.0,42.0,34.0,34.0,77.0,40.0,22.0,38.0,267.0,20.0,57.0,27.0,51.0,117.0,33.0,59.0,71.0,160.0,55.0,24.0,60.0,32.0,63.0,180.0,113.0,78.0,22.0,55.0,40.0,139.0,84.0,33.0,32.0,85.0,117.0,58.0,79.0,27.0,52.0,142.0,44.0,112.0,288.0,745.0,746.0,736.0,998.0,1079.0,1315.0,1370.0,1381.0,1404.0,1300.0,1207.0,1574.0,1597.0,1508.0,1470.0,1428.0,761.0,1030.0,1159.0,1047.0,1486.0,1166.0,1158.0,1275.0,1427.0,1660.0,1338.0,801.0,926.0,889.0,607.0,919.0,931.0,682.0,528.0,1101.0,1000.0,1133.0,1326.0,977.0,1097.0,1161.0,1111.0,1106.0,1350.0,747.0,1107.0,711.0,722.0,848.0,507.0,588.0,871.0,580.0,867.0,693.0,332.0,528.0,427.0,297.0,233.0,327.0,215.0,367.0,139.0,250.0,311.0,114.0,268.0,251.0,90.0,95.0,120.0,182.0,163.0,180.0,142.0,97.0,47.0,93.0,89.0,96.0,70.0,106.0,98.0,272.0,51.0,47.0,62.0,62.0,121.0,32.0,58.0,134.0,112.0,76.0,72.0,33.0,25.0,79.0,28.0,14.0,122.0,30.0,32.0,268.0,51.0,29.0,63.0,59.0,28.0,89.0,17.0,44.0,41.0,52.0,34.0,81.0,236.0,152.0,31.0,56.0,20.0,63.0,30.0,149.0,44.0,72.0,70.0,33.0,112.0,29.0,43.0,95.0,63.0,134.0,141.0,33.0,113.0,60.0,43.0,18.0,58.0,182.0,26.0,27.0
59.0,27.0,45.0,17.0,31.0,166.0,36.0,92.0,35.0,71.0,27.0,24.0,41.0,30.0,26.0,43.0,206.0,16.0,33.0,10.0,36.0,83.0,46.0,100.0,25.0,61.0,31.0,202.0,35.0,14.0,40.0,23.0,34.0,52.0,180.0,38.0,53.0,229.0,473.0,719.0,626.0,855.0,1047.0,1480.0,1240.0,1305.0,1457.0,1372.0,1124.0,1546.0,1788.0,1580.0,1495.0,1416.0,1154.0,1312.0,887.0,1391.0,970.0,919.0,742.0,1005.0,1009.0,970.0,1387.0,1382.0,963.0,979.0,749.0,890.0,1490.0,992.0,763.0,874.0,909.0,668.0,1008.0,442.0,1026.0,700.0,1042.0,549.0,817.0,913.0,838.0,851.0,448.0,399.0,695.0,402.0,611.0,384.0,334.0,288.0,298.0,309.0,273.0,284.0,167.0,154.0,144.0,129.0,177.0,149.0,283.0,119.0,147.0,123.0,66.0,83.0,91.0,224.0,43.0,60.0,88.0,42.0,87.0,48.0,58.0,36.0,85.0,65.0,45.0,167.0,111.0,43.0,53.0,35.0,24.0,38.0,72.0,178.0,39.0,40.0,16.0,68.0,37.0,57.0,47.0,25.0,45.0,244.0,57.0,28.0,79.0,27.0,44.0,133.0,70.0,72.0,46.0,31.0,53.0,56.0,30.0,20.0,179.0,14.0,30.0,18.0,18.0,23.0,25.0,71.0,45.0,36.0,16.0,147.0,81.0,55.0,64.0,31.0,23.0,86.0,201.0,71.0,72.0,42.0,63.0,55.0,41.0,84.0,51.0,24.0,13.0,38.0,170.0,36.0,24.0,24.0,26.0,29.0,18.0,36.0,46.0,32.0,19.0,15.0,22.0,20.0
246.0,79.0,31.0,25.0,23.0,30.0,35.0,36.0,30.0,20.0,44.0,20.0,29.0,333.0,308.0,485.0,526.0,634.0,909.0,860.0,972.0,1252.0,950.0,1576.0,1446.0,1341.0,1209.0,1075.0,1278.0,1542.0,1446.0,1255.0,1613.0,1544.0,1326.0,1010.0,1107.0,1179.0,906.0,1337.0,1423.0,1482.0,923.0,978.0,1143.0,705.0,1026.0,1280.0,1132.0,763.0,894.0,864.0,1165.0,1363.0,871.0,1047.0,812.0,419.0,805.0,693.0,919.0,810.0,404.0,812.0,693.0,729.0,769.0,504.0,858.0,381.0,407.0,543.0,328.0,306.0,461.0,196.0,387.0,294.0,204.0,107.0,101.0,151.0,204.0,115.0,196.0,158.0,147.0,126.0,202.0,134.0,96.0,119.0,205.0,67.0,60.0,53.0,62.0,71.0,89.0,275.0,100.0,41.0,39.0,52.0,41.0,46.0,55.0,209.0,43.0,60.0,104.0,31.0,68.0,29.0,43.0,40.0,84.0,40.0,20.0,224.0,40.0,50.0,22.0,35.0,77.0,22.0,210.0,112.0,6.0,64.0,29.0,88.0,37.0,25.0,62.0,213.0,35.0,50.0,28.0,79.0,43.0,14.0,44.0,51.0,193.0,53.0,28.0,28.0,35.0,102.0,116.0,89.0,78.0,25.0,18.0,27.0,266.0,90.0,17.0,60.0,30.0,29.0,22.0,31.0,23.0,88.0,20.0,12.0,93.0,255.0,39.0,74.0,27.0,34.0,28.0,83.0,63.0,177.0,14.0,21.0,96.0,37.0,73.0,42.0,72.0,26.0,133.0,29.0,75.0,69.0,66.0,92.0,26.0,125.0,31.0,58.0,62.0,29.0,19.0,40.0
1527.0,1432.0,1282.0,1326.0,1421.0,1198.0,1351.0,866.0,1222.0,1121.0,639.0,476.0,885.0,736.0,748.0,850.0,657.0,442.0,791.0,777.0,709.0,848.0,713.0,1018.0,987.0,1045.0,1188.0,806.0,1202.0,967.0,762.0,827.0,443.0,412.0,520.0,562.0,662.0,395.0,317.0,379.0,218.0,415.0,324.0,298.0,151.0,253.0,188.0,204.0,99.0,171.0,152.0,178.0,101.0,279.0,98.0,129.0,109.0,140.0,107.0,116.0,202.0,89.0,66.0,70.0,69.0,36.0,36.0,56.0,40.0,48.0,171.0,35.0,92.0,32.0,34.0,24.0,27.0,30.0,69.0,43.0,215.0,32.0,41.0,28.0,30.0,70.0,58.0,21.0,154.0,26.0,30.0,69.0,31.0,53.0,30.0,22.0,29.0,31.0,32.0,18.0,21.0,260.0,52.0,64.0,39.0,36.0,87.0,27.0,65.0,180.0,36.0,32.0,75.0,11.0,71.0,172.0,16.0,53.0,58.0,125.0,20.0,27.0,21.0,33.0,34.0,33.0,63.0,18.0,26.0,30.0,219.0,35.0,22.0,52.0,20.0,27.0,55.0,31.0,22.0,22.0,34.0,27.0,24.0,14.0,272.0,15.0,27.0,42.0,24.0,35.0,30.0,67.0,10.0,209.0,60.0,44.0,33.0,33.0,38.0,32.0,191.0,41.0,99.0,14.0,16.0,36.0,64.0,71.0,47.0,82.0,89.0,29.0,42.0,50.0,62.0,251.0,64.0,35.0,52.0,61.0,50.0,144.0,50.0,24.0,46.0,44.0,19.0,78.0,55.0,132.0,44.0,40.0,47.0,57.0,21.0,79.0,29.0,47.0,64.0,33.0
21.0,79.0,196.0,30.0,33.0,41.0,41.0,114.0,133.0,60.0,65.0,22.0,83.0,67.0,58.0,63.0,53.0,35.0,85.0,28.0,41.0,34.0,21.0,248.0,15.0,113.0,56.0,16.0,37.0,27.0,43.0,17.0,232.0,32.0,71.0,23.0,85.0,64.0,43.0,25.0,34.0,36.0,226.0,27.0,74.0,24.0,132.0,343.0,660.0,749.0,971.0,881.0,918.0,1281.0,1652.0,1428.0,1221.0,1589.0,1418.0,1238.0,1104.0,1124.0,1401.0,1197.0,1211.0,1066.0,960.0,1318.0,1506.0,1355.0,771.0,1245.0,1329.0,1477.0,1405.0,1502.0,1237.0,894.0,1179.0,876.0,660.0,1215.0,788.0,780.0,1048.0,1060.0,982.0,936.0,803.0,817.0,910.0,691.0,1143.0,831.0,602.0,922.0,724.0,577.0,505.0,984.0,576.0,405.0,699.0,577.0,463.0,280.0,377.0,520.0,336.0,217.0,231.0,176.0,148.0,137.0,139.0,282.0,183.0,85.0,180.0,172.0,119.0,126.0,218.0,85.0,155.0,65.0,99.0,120.0,67.0,83.0,197.0,86.0,64.0,65.0,73.0,98.0,39.0,54.0,51.0,243.0,52.0,58.0,63.0,44.0,55.0,33.0,49.0,59.0,34.0,29.0,273.0,29.0,33.0,51.0,26.0,125.0,16.0,62.0,158.0,37.0,62.0,82.0,26.0,26.0,25.0,183.0,74.0,26.0,55.0,38.0,43.0,90.0,26.0,21.0,173.0,40.0,57.0,34.0,68.0,20.0,20.0,31.0,29.0,70.0,31.0,23.0,39.0,29.0,266.0,20.0,47.0,41.0,42.0,64.0,21.0,81.0,45.0,45.0,66.0,82.0
24.0,94.0,105.0,114.0,74.0,123.0,135.0,116.0,32.0,116.0,97.0,54.0,64.0,82.0,44.0,232.0,89.0,51.0,37.0,83.0,38.0,306.0,134.0,42.0,58.0,110.0,45.0,145.0,187.0,101.0,77.0,51.0,143.0,124.0,157.0,132.0,47.0,100.0,50.0,64.0,157.0,131.0,110.0,183.0,122.0,197.0,50.0,73.0,117.0,56.0,265.0,123.0,41.0,51.0,84.0,41.0,161.0,169.0,50.0,113.0,70.0,129.0,158.0,658.0,719.0,843.0,808.0,1163.0,1208.0,1255.0,1449.0,1561.0,1271.0,1208.0,1651.0,1638.0,1380.0,1490.0,1592.0,1607.0,1601.0,1245.0,1004.0,1165.0,623.0,922.0,821.0,573.0,622.0,1002.0,1305.0,959.0,1189.0,1300.0,848.0,1083.0,1002.0,1122.0,1403.0,990.0,1067.0,911.0,802.0,1298.0,779.0,903.0,1038.0,905.0,863.0,881.0,912.0,524.0,690.0,1010.0,363.0,558.0,613.0,315.0,493.0,395.0,423.0,224.0,285.0,246.0,196.0,229.0,302.0,101.0,236.0,152.0,250.0,147.0,209.0,166.0,106.0,161.0,83.0,140.0,120.0,100.0,98.0,119.0,136.0,77.0,75.0,70.0,87.0,44.0,50.0,81.0,175.0,51.0,82.0,81.0,68.0,25.0,25.0,241.0,58.0,52.0,23.0,90.0,86.0,103.0,78.0,44.0,113.0,99.0,44.0,28.0,25.0,33.0,45.0,148.0,121.0,32.0,29.0,36.0,34.0,190.0,131.0,59.0,66.0,28.0,100.0,83.0,198.0,45.0,48.0,22.0,128.0,24.0,66.0,56.0,18.0,216.0,95.0,18.0,24.0,52.0
26.0,36.0,277.0,21.0,34.0,59.0,33.0,35.0,39.0,71.0,180.0,54.0,44.0,37.0,91.0,39.0,27.0,15.0,36.0,27.0,47.0,67.0,18.0,28.0,19.0,30.0,180.0,65.0,116.0,25.0,23.0,14.0,72.0,171.0,62.0,42.0,53.0,24.0,43.0,49.0,27.0,247.0,91.0,104.0,54.0,21.0,41.0,59.0,75.0,26.0,56.0,37.0,21.0,237.0,79.0,72.0,34.0,77.0,26.0,94.0,24.0,167.0,33.0,64.0,19.0,46.0,65.0,140.0,89.0,122.0,89.0,160.0,48.0,166.0,30.0,114.0,50.0,74.0,22.0,108.0,211.0,96.0,114.0,83.0,29.0,365.0,382.0,859.0,922.0,912.0,943.0,1412.0,1429.0,1353.0,1310.0,1525.0,1365.0,1342.0,1306.0,1374.0,1425.0,1534.0,1295.0,1320.0,1451.0,1291.0,817.0,1179.0,1230.0,1039.0,1116.0,757.0,1024.0,1106.0,763.0,1023.0,1164.0,706.0,1177.0,957.0,529.0,890.0,721.0,530.0,1297.0,1122.0,877.0,1125.0,912.0,751.0,1068.0,757.0,804.0,609.0,557.0,603.0,839.0,355.0,405.0,489.0,490.0,379.0,271.0,340.0,178.0,194.0,353.0,77.0,144.0,110.0,146.0,183.0,258.0,119.0,105.0,122.0,89.0,137.0,45.0,116.0,94.0,141.0,192.0,74.0,68.0,92.0,40.0,43.0,61.0,59.0,59.0,53.0,57.0,53.0,223.0,36.0,58.0,80.0,32.0,31.0,68.0,42.0,58.0,26.0,150.0,51.0,64.0,27.0,27.0,48.0,222.0,55.0,39.0,34.0,39.0,21.0,39.0,52.0,199.0,19.0
31.0,37.0,36.0,204.0,48.0,111.0,13.0,17.0,31.0,25.0,34.0,213.0,42.0,111.0,17.0,71.0,17.0,29.0,11.0,56.0,22.0,61.0,249.0,27.0,16.0,65.0,113.0,128.0,52.0,53.0,21.0,19.0,41.0,20.0,26.0,43.0,18.0,65.0,54.0,232.0,25.0,27.0,24.0,19.0,50.0,29.0,36.0,81.0,66.0,90.0,25.0,71.0,145.0,39.0,34.0,169.0,717.0,782.0,862.0,793.0,1085.0,1054.0,1251.0,1605.0,1244.0,1329.0,1129.0,1486.0,1482.0,1378.0,1438.0,1186.0,1676.0,1251.0,1382.0,871.0,1166.0,1033.0,938.0,1064.0,1324.0,765.0,841.0,1243.0,916.0,939.0,1162.0,613.0,958.0,1249.0,1016.0,666.0,733.0,798.0,790.0,468.0,785.0,1217.0,830.0,585.0,970.0,887.0,918.0,386.0,558.0,921.0,470.0,348.0,524.0,518.0,539.0,491.0,334.0,482.0,467.0,300.0,241.0,215.0,238.0,96.0,282.0,245.0,218.0,152.0,346.0,91.0,158.0,83.0,126.0,123.0,103.0,292.0,66.0,90.0,53.0,77.0,98.0,108.0,53.0,220.0,61.0,50.0,114.0,56.0,105.0,54.0,47.0,38.0,139.0,20.0,31.0,76.0,95.0,41.0,208.0,49.0,79.0,19.0,57.0,56.0,93.0,121.0,102.0,58.0,40.0,19.0,67.0,193.0,42.0,58.0,51.0,34.0,23.0,16.0,34.0,155.0,142.0,60.0,28.0,27.0,60.0,79.0,48.0,21.0,163.0,23.0,88.0,89.0,51.0,59.0,23.0,39.0,25.0,41.0,82.0,234.0,45.0,21.0,33.0,126.0
48.0,43.0,30.0,215.0,25.0,55.0,38.0,26.0,35.0,59.0,188.0,59.0,94.0,38.0,68.0,9.0,40.0,193.0,90.0,43.0,27.0,65.0,25.0,121.0,82.0,103.0,28.0,27.0,70.0,55.0,144.0,98.0,55.0,81.0,23.0,44.0,49.0,225.0,42.0,35.0,47.0,138.0,51.0,31.0,59.0,142.0,640.0,746.0,714.0,932.0,970.0,1357.0,1354.0,1284.0,1323.0,1460.0,1288.0,1372.0,1439.0,1450.0,1225.0,1439.0,1216.0,1361.0,1220.0,1324.0,1086.0,1049.0,1013.0,953.0,1343.0,1171.0,846.0,1237.0,1189.0,963.0,1227.0,1314.0,770.0,903.0,988.0,784.0,721.0,1196.0,958.0,830.0,1108.0,1085.0,1207.0,953.0,780.0,1178.0,1111.0,805.0,1032.0,1160.0,617.0,727.0,812.0,343.0,420.0,435.0,624.0,382.0,213.0,228.0,352.0,418.0,408.0,241.0,338.0,239.0,236.0,248.0,233.0,163.0,264.0,108.0,189.0,153.0,95.0,127.0,119.0,91.0,101.0,232.0,61.0,67.0,74.0,103.0,55.0,112.0,225.0,89.0,58.0,73.0,62.0,36.0,78.0,241.0,40.0,48.0,93.0,91.0,23.0,62.0,18.0,181.0,28.0,129.0,26.0,39.0,26.0,26.0,30.0,15.0,42.0,17.0,57.0,193.0,23.0,47.0,58.0,26.0,33.0,17.0,141.0,117.0,21.0,93.0,20.0,51.0,28.0,14.0,70.0,116.0,37.0,76.0,37.0,27.0,28.0,33.0,42.0,191.0,38.0,49.0,39.0,30.0,36.0,53.0,44.0,62.0,65.0,29.0,24.0,28.0,206.0,35.0,40.0,106.0
156.0,21.0,23.0,41.0,29.0,24.0,44.0,23.0,86.0,15.0,39.0,35.0,22.0,220.0,30.0,71.0,37.0,23.0,34.0,63.0,20.0,24.0,25.0,172.0,41.0,52.0,16.0,20.0,39.0,32.0,73.0,35.0,24.0,221.0,67.0,68.0,63.0,42.0,45.0,35.0,30.0,138.0,470.0,658.0,902.0,944.0,953.0,1363.0,1208.0,1239.0,1293.0,1503.0,1611.0,1161.0,1483.0,1741.0,1543.0,1593.0,1510.0,985.0,1162.0,1156.0,686.0,1115.0,608.0,838.0,1109.0,912.0,949.0,978.0,841.0,1303.0,1020.0,1404.0,1030.0,795.0,837.0,1075.0,805.0,557.0,1045.0,744.0,1104.0,1129.0,975.0,1295.0,1100.0,1039.0,1088.0,801.0,1084.0,607.0,759.0,717.0,856.0,353.0,590.0,543.0,329.0,397.0,236.0,257.0,314.0,273.0,193.0,147.0,155.0,345.0,201.0,174.0,99.0,119.0,64.0,148.0,107.0,176.0,251.0,140.0,89.0,116.0,97.0,68.0,68.0,181.0,50.0,87.0,67.0,113.0,187.0,54.0,40.0,96.0,30.0,41.0,65.0,63.0,171.0,34.0,44.0,43.0,30.0,32.0,22.0,25.0,29.0,55.0,19.0,29.0,171.0,29.0,38.0,38.0,59.0,46.0,54.0,26.0,27.0,230.0,80.0,109.0,41.0,73.0,34.0,30.0,227.0,18.0,70.0,26.0,20.0,69.0,27.0,59.0,40.0,216.0,48.0,30.0,27.0,14.0,32.0,30.0,22.0,26.0,36.0,59.0,215.0,45.0,19.0,23.0,42.0,29.0,39.0,59.0,30.0,46.0,30.0,30.0,64.0,223.0,62.0,30.0
120.0,33.0,49.0,226.0,37.0,45.0,31.0,28.0,46.0,34.0,58.0,21.0,41.0,30.0,36.0,30.0,212.0,22.0,38.0,36.0,45.0,96.0,26.0,97.0,17.0,19.0,262.0,23.0,42.0,39.0,37.0,26.0,46.0,117.0,44.0,65.0,21.0,64.0,18.0,20.0,159.0,74.0,48.0,32.0,36.0,71.0,30.0,125.0,359.0,622.0,630.0,734.0,989.0,765.0,1260.0,1293.0,1256.0,1276.0,1541.0,1500.0,1148.0,1373.0,1434.0,1541.0,1600.0,1455.0,1399.0,1411.0,1137.0,899.0,1321.0,1251.0,1062.0,887.0,1331.0,1044.0,584.0,1188.0,1443.0,903.0,1621.0,1147.0,630.0,951.0,783.0,773.0,1359.0,1251.0,952.0,1270.0,964.0,1100.0,919.0,711.0,1231.0,997.0,892.0,954.0,987.0,1021.0,592.0,907.0,621.0,568.0,648.0,450.0,477.0,540.0,416.0,283.0,336.0,326.0,282.0,221.0,262.0,218.0,176.0,197.0,100.0,211.0,155.0,292.0,125.0,169.0,82.0,191.0,128.0,132.0,93.0,101.0,86.0,194.0,53.0,66.0,73.0,39.0,42.0,64.0,59.0,30.0,50.0,22.0,73.0,40.0,67.0,29.0,243.0,35.0,58.0,73.0,42.0,36.0,58.0,66.0,71.0,25.0,35.0,160.0,23.0,28.0,50.0,167.0,93.0,31.0,25.0,19.0,51.0,62.0,50.0,185.0,84.0,72.0,36.0,102.0,53.0,81.0,29.0,75.0,24.0,23.0,42.0,39.0,153.0,144.0,42.0,23.0,40.0,49.0,43.0,50.0,32.0,32.0,23.0,26.0,303.0,45.0,20.0,17.0,9.0,39.0
19.0,44.0,41.0,216.0,46.0,24.0,17.0,11.0,37.0,115.0,57.0,116.0,41.0,22.0,57.0,76.0,236.0,57.0,55.0,10.0,25.0,86.0,35.0,104.0,30.0,238.0,52.0,91.0,26.0,22.0,72.0,59.0,159.0,73.0,14.0,25.0,42.0,34.0,29.0,63.0,207.0,34.0,103.0,546.0,797.0,1014.0,973.0,1306.0,1474.0,1537.0,1486.0,1271.0,1385.0,1420.0,1396.0,1156.0,1390.0,1535.0,1553.0,1292.0,1280.0,1350.0,1116.0,1004.0,1298.0,1438.0,917.0,1366.0,1288.0,1072.0,1111.0,684.0,1174.0,1230.0,724.0,1169.0,804.0,1054.0,817.0,516.0,698.0,849.0,849.0,795.0,1305.0,1113.0,674.0,1391.0,983.0,913.0,931.0,720.0,799.0,1084.0,1113.0,1262.0,828.0,990.0,998.0,931.0,1192.0,840.0,528.0,675.0,513.0,512.0,450.0,393.0,350.0,243.0,295.0,299.0,197.0,169.0,84.0,165.0,103.0,283.0,107.0,147.0,106.0,121.0,137.0,59.0,180.0,61.0,94.0,93.0,86.0,105.0,45.0,123.0,65.0,197.0,77.0,136.0,86.0,49.0,47.0,53.0,59.0,58.0,52.0,51.0,19.0,34.0,208.0,55.0,22.0,72.0,74.0,27.0,47.0,183.0,27.0,67.0,70.0,109.0,21.0,34.0,42.0,33.0,37.0,17.0,92.0,21.0,316.0,70.0,36.0,30.0,16.0,41.0,56.0,161.0,33.0,30.0,42.0,71.0,97.0,38.0,16.0,27.0,39.0,189.0,28.0,27.0,50.0,26.0,17.0,56.0,22.0,233.0,23.0,93.0,52.0,24.0,65.0,263.0,30.0,96.0
71.0,39.0,24.0,84.0,31.0,40.0,14.0,29.0,232.0,16.0,88.0,41.0,30.0,102.0,44.0,66.0,34.0,17.0,46.0,90.0,39.0,59.0,199.0,16.0,46.0,35.0,28.0,29.0,61.0,58.0,236.0,59.0,19.0,20.0,18.0,17.0,165.0,69.0,33.0,265.0,570.0,706.0,664.0,1077.0,889.0,1093.0,1038.0,1170.0,1325.0,1693.0,1177.0,1323.0,1515.0,1624.0,1246.0,1506.0,1135.0,1511.0,1585.0,1168.0,1305.0,1300.0,1600.0,1235.0,1045.0,1103.0,1221.0,798.0,1130.0,1605.0,1332.0,959.0,1134.0,815.0,723.0,1000.0,1278.0,1078.0,934.0,1264.0,593.0,556.0,846.0,1131.0,702.0,1222.0,785.0,615.0,578.0,521.0,1133.0,956.0,618.0,449.0,513.0,590.0,706.0,295.0,336.0,384.0,403.0,377.0,202.0,309.0,172.0,267.0,274.0,80.0,108.0,216.0,68.0,139.0,141.0,84.0,92.0,181.0,71.0,104.0,68.0,231.0,95.0,50.0,82.0,65.0,49.0,49.0,159.0,101.0,44.0,31.0,26.0,40.0,48.0,63.0,41.0,31.0,30.0,55.0,22.0,36.0,229.0,29.0,49.0,55.0,23.0,49.0,23.0,26.0,43.0,28.0,266.0,29.0,24.0,15.0,32.0,55.0,61.0,42.0,18.0,204.0,42.0,46.0,37.0,27.0,10.0,54.0,155.0,37.0,16.0,40.0,95.0,19.0,81.0,42.0,52.0,152.0,19.0,19.0,25.0,24.0,41.0,43.0,32.0,19.0,136.0,25.0,67.0,36.0,44.0,48.0,29.0,30.0,64.0,24.0,31.0,151.0,24.0,75.0,54.0,32.0
19.0,44.0,40.0,23.0,66.0,29.0,209.0,50.0,92.0,77.0,22.0,27.0,13.0,101.0,173.0,40.0,33.0,23.0,33.0,31.0,36.0,22.0,56.0,32.0,30.0,43.0,88.0,222.0,42.0,14.0,75.0,39.0,30.0,41.0,33.0,28.0,43.0,27.0,20.0,26.0,42.0,202.0,42.0,16.0,50.0,23.0,15.0,38.0,144.0,704.0,469.0,693.0,699.0,887.0,1020.0,1154.0,1245.0,1405.0,1279.0,1123.0,1617.0,1424.0,1372.0,1411.0,1434.0,1380.0,1369.0,1100.0,1393.0,1303.0,1205.0,1174.0,1215.0,1349.0,1301.0,1010.0,1606.0,1487.0,1453.0,1023.0,1104.0,1469.0,917.0,856.0,865.0,1092.0,1007.0,1128.0,750.0,779.0,888.0,1060.0,1379.0,1333.0,946.0,1424.0,897.0,1366.0,1290.0,612.0,960.0,1111.0,618.0,593.0,625.0,491.0,552.0,238.0,411.0,356.0,276.0,229.0,278.0,190.0,171.0,265.0,223.0,119.0,112.0,87.0,65.0,128.0,145.0,281.0,150.0,113.0,111.0,94.0,162.0,61.0,201.0,87.0,77.0,69.0,81.0,68.0,67.0,58.0,55.0,84.0,74.0,45.0,55.0,69.0,42.0,80.0,204.0,83.0,36.0,41.0,27.0,68.0,130.0,33.0,58.0,37.0,26.0,52.0,60.0,14.0,114.0,37.0,20.0,36.0,21.0,48.0,34.0,221.0,57.0,23.0,18.0,34.0,49.0,27.0,185.0,24.0,40.0,22.0,18.0,64.0,36.0,26.0,24.0,49.0,40.0,24.0,279.0,22.0,15.0,27.0,93.0,41.0,41.0,18.0,137.0,48.0,51.0,43.0,72.0,40.0
32.0,290.0,53.0,17.0,42.0,68.0,64.0,61.0,105.0,71.0,30.0,32.0,31.0,47.0,45.0,73.0,37.0,20.0,45.0,210.0,58.0,62.0,17.0,58.0,52.0,25.0,56.0,20.0,247.0,49.0,47.0,31.0,50.0,42.0,51.0,164.0,31.0,28.0,31.0,68.0,44.0,27.0,25.0,25.0,54.0,42.0,231.0,24.0,34.0,21.0,65.0,163.0,48.0,75.0,32.0,46.0,50.0,92.0,25.0,35.0,45.0,133.0,94.0,293.0,59.0,25.0,30.0,43.0,46.0,87.0,67.0,514.0,548.0,715.0,843.0,846.0,1132.0,960.0,1561.0,1264.0,1107.0,1207.0,1469.0,1429.0,1358.0,1219.0,1275.0,1423.0,1489.0,1322.0,1453.0,1542.0,1188.0,1107.0,1316.0,870.0,1522.0,998.0,854.0,1030.0,1105.0,1036.0,832.0,1284.0,593.0,726.0,959.0,834.0,1060.0,1313.0,916.0,1008.0,948.0,806.0,1281.0,669.0,638.0,921.0,555.0,1096.0,962.0,597.0,664.0,739.0,942.0,578.0,463.0,588.0,336.0,788.0,375.0,418.0,390.0,313.0,340.0,259.0,374.0,142.0,241.0,193.0,163.0,181.0,130.0,147.0,278.0,105.0,146.0,115.0,130.0,82.0,121.0,87.0,244.0,107.0,89.0,51.0,81.0,83.0,72.0,53.0,72.0,54.0,238.0,55.0,70.0,70.0,55.0,34.0,36.0,20.0,32.0,216.0,26.0,29.0,52.0,37.0,35.0,30.0,47.0,30.0,188.0,44.0,22.0,52.0,67.0,57.0,48.0,171.0,21.0,27.0,49.0,44.0,31.0,38.0,199.0,29.0,100.0,44.0,16.0,49.0
32.0,25.0,54.0,241.0,35.0,90.0,30.0,19.0,87.0,33.0,23.0,18.0,50.0,25.0,26.0,58.0,59.0,17.0,241.0,23.0,18.0,47.0,65.0,40.0,47.0,18.0,243.0,51.0,58.0,22.0,24.0,25.0,19.0,26.0,48.0,13.0,265.0,21.0,22.0,43.0,25.0,57.0,22.0,13.0,62.0,26.0,221.0,31.0,30.0,79.0,40.0,53.0,72.0,50.0,92.0,35.0,240.0,761.0,758.0,834.0,965.0,1106.0,1344.0,1289.0,1501.0,1491.0,1392.0,1071.0,1706.0,1458.0,1542.0,1162.0,1306.0,1389.0,1507.0,935.0,1060.0,1048.0,1131.0,941.0,1276.0,1263.0,1441.0,1049.0,1073.0,1270.0,1322.0,1362.0,1418.0,897.0,1174.0,1367.0,892.0,1042.0,1172.0,1076.0,1227.0,1365.0,884.0,1203.0,1017.0,732.0,1028.0,978.0,1131.0,930.0,862.0,1115.0,898.0,563.0,839.0,742.0,673.0,575.0,619.0,634.0,605.0,454.0,343.0,314.0,224.0,198.0,212.0,299.0,173.0,152.0,138.0,143.0,188.0,220.0,176.0,270.0,144.0,105.0,172.0,101.0,234.0,107.0,102.0,96.0,76.0,84.0,67.0,79.0,56.0,43.0,28.0,46.0,185.0,56.0,32.0,47.0,35.0,52.0,75.0,248.0,70.0,41.0,39.0,34.0,91.0,53.0,42.0,178.0,46.0,32.0,55.0,18.0,48.0,18.0,21.0,27.0,26.0,89.0,27.0,67.0,220.0,17.0,28.0,45.0,54.0,16.0,20.0,105.0,33.0,35.0,38.0,31.0,70.0,21.0,86.0,218.0,36.0,22.0,74.0,21.0,33.0,20.0,62.0,36.0
20.0,40.0,27.0,39.0,97.0,244.0,110.0,32.0,25.0,46.0,43.0,69.0,14.0,164.0,39.0,81.0,32.0,63.0,49.0,29.0,66.0,20.0,24.0,21.0,56.0,286.0,277.0,621.0,981.0,871.0,1022.0,1373.0,1367.0,1334.0,1473.0,1167.0,1535.0,1480.0,1097.0,1338.0,1105.0,1101.0,1079.0,1040.0,1129.0,1109.0,1432.0,1430.0,1300.0,1021.0,1225.0,1485.0,1261.0,779.0,1064.0,918.0,867.0,778.0,985.0,1068.0,892.0,1083.0,678.0,867.0,959.0,639.0,918.0,1356.0,863.0,1141.0,795.0,800.0,1225.0,826.0,827.0,674.0,806.0,682.0,813.0,413.0,409.0,278.0,423.0,643.0,266.0,241.0,340.0,223.0,367.0,150.0,152.0,183.0,144.0,181.0,118.0,145.0,98.0,264.0,138.0,149.0,94.0,113.0,93.0,96.0,92.0,95.0,197.0,88.0,103.0,53.0,61.0,76.0,62.0,68.0,58.0,57.0,37.0,37.0,100.0,233.0,68.0,16.0,44.0,31.0,31.0,47.0,193.0,47.0,41.0,60.0,71.0,35.0,38.0,34.0,48.0,35.0,30.0,23.0,45.0,47.0,258.0,51.0,63.0,102.0,47.0,47.0,19.0,43.0,22.0,43.0,53.0,75.0,46.0,45.0,29.0,53.0,27.0,45.0,32.0,29.0,17.0,23.0,209.0,54.0,29.0,87.0,29.0,67.0,20.0,66.0,193.0,19.0,24.0,56.0,25.0,69.0,42.0,142.0,22.0,62.0,77.0,72.0,17.0,73.0,49.0,31.0,29.0,200.0,27.0,28.0,61.0,39.0,56.0,164.0,79.0,60.0,77.0,32.0,102.0,38.0
62.0,23.0,78.0,1648.0,224.0,25.0,64.0,34.0,41.0,46.0,55.0,25.0,17.0,37.0,30.0,49.0,271.0,41.0,23.0,40.0,23.0,34.0,26.0,72.0,155.0,46.0,60.0,46.0,72.0,66.0,43.0,91.0,158.0,71.0,34.0,43.0,39.0,33.0,57.0,44.0,24.0,26.0,19.0,25.0,21.0,52.0,204.0,43.0,39.0,51.0,81.0,300.0,670.0,1079.0,904.0,1389.0,1272.0,1119.0,1492.0,1476.0,1496.0,1382.0,1375.0,1466.0,1677.0,1511.0,1334.0,1258.0,1225.0,1249.0,1566.0,1313.0,1558.0,1403.0,1573.0,1435.0,984.0,1002.0,1274.0,1704.0,1113.0,875.0,1124.0,877.0,666.0,889.0,1108.0,691.0,982.0,898.0,681.0,858.0,1057.0,1228.0,1240.0,931.0,1250.0,936.0,604.0,909.0,704.0,1141.0,558.0,708.0,417.0,704.0,485.0,435.0,721.0,666.0,550.0,518.0,678.0,467.0,583.0,437.0,346.0,341.0,267.0,285.0,337.0,240.0,220.0,176.0,192.0,162.0,135.0,51.0,239.0,89.0,85.0,85.0,90.0,110.0,246.0,105.0,167.0,91.0,106.0,63.0,48.0,52.0,51.0,100.0,46.0,65.0,289.0,49.0,44.0,15.0,66.0,48.0,52.0,23.0,42.0,215.0,40.0,74.0,47.0,19.0,48.0,36.0,31.0,39.0,62.0,46.0,36.0,248.0,52.0,30.0,113.0,46.0,23.0,28.0,33.0,17.0,213.0,19.0,39.0,61.0,31.0,89.0,22.0,63.0,58.0,236.0,48.0,20.0,63.0,36.0,84.0,35.0,53.0,31.0,19.0,20.0,214.0,82.0,30.0,26.0
