81.0,18.0,13.0,53.0,31.0,22.0,151.0,61.0,70.0,31.0,18.0,32.0,37.0,21.0,23.0,32.0,14.0,21.0,52.0,26.0,35.0,35.0,25.0,241.0,25.0,34.0,94.0,31.0,38.0,25.0,23.0,83.0,27.0,84.0,18.0,253.0,45.0,22.0,42.0,23.0,59.0,22.0,93.0,22.0,20.0,33.0,57.0,23.0,275.0,17.0,26.0,17.0,45.0,31.0,29.0,26.0,30.0,26.0,44.0,208.0,34.0,41.0,36.0,55.0,86.0,39.0,35.0,210.0,53.0,47.0,26.0,27.0,28.0,33.0,29.0,184.0,50.0,51.0,35.0,24.0,19.0,28.0,42.0,52.0,29.0,33.0,190.0,76.0,72.0,41.0,39.0,22.0,31.0,50.0,57.0,33.0,31.0,30.0,253.0,25.0,45.0,25.0,32.0,36.0,51.0,38.0,28.0,46.0,78.0,122.0,36.0,53.0,31.0,41.0,31.0,22.0,61.0,21.0,37.0,23.0,35.0,237.0,26.0,25.0,15.0,19.0,13.0,33.0,25.0,24.0,31.0,22.0,237.0,47.0,281.0,440.0,522.0,405.0,701.0,777.0,806.0,756.0,884.0,1236.0,731.0,1157.0,1363.0,1217.0,1100.0,1076.0,1124.0,1202.0,809.0,489.0,345.0,527.0,441.0,366.0,377.0,334.0,377.0,368.0,343.0,193.0,137.0,171.0,135.0,276.0,255.0,226.0,151.0,250.0,197.0,124.0,81.0,79.0,104.0,123.0,93.0,405.0,570.0,599.0,881.0,689.0,626.0,706.0,650.0,671.0,696.0,422.0,409.0,316.0,355.0,326.0,298.0,176.0,392.0,222.0,251.0,108.0
28.0,15.0,22.0,24.0,32.0,181.0,58.0,31.0,37.0,47.0,24.0,39.0,14.0,17.0,222.0,46.0,27.0,37.0,37.0,50.0,31.0,17.0,65.0,61.0,17.0,42.0,274.0,42.0,51.0,39.0,57.0,39.0,77.0,16.0,52.0,224.0,51.0,58.0,35.0,11.0,40.0,41.0,19.0,49.0,35.0,34.0,42.0,280.0,47.0,36.0,74.0,33.0,79.0,52.0,147.0,39.0,33.0,13.0,49.0,18.0,43.0,20.0,120.0,71.0,98.0,30.0,40.0,39.0,302.0,56.0,51.0,137.0,456.0,284.0,625.0,465.0,952.0,1097.0,1147.0,820.0,1137.0,1235.0,1190.0,1187.0,915.0,1379.0,1284.0,1163.0,993.0,973.0,683.0,487.0,529.0,460.0,574.0,580.0,494.0,506.0,429.0,342.0,388.0,449.0,361.0,328.0,179.0,347.0,351.0,199.0,264.0,607.0,906.0,884.0,1195.0,1135.0,921.0,1337.0,995.0,1015.0,696.0,700.0,349.0,562.0,475.0,611.0,584.0,607.0,535.0,507.0,343.0,238.0,318.0,179.0,211.0,282.0,166.0,139.0,130.0,223.0,211.0,172.0,89.0,71.0,166.0,95.0,83.0,95.0,72.0,244.0,65.0,85.0,52.0,72.0,36.0,53.0,100.0,79.0,38.0,29.0,269.0,60.0,63.0,66.0,32.0,42.0,19.0,146.0,77.0,52.0,34.0,63.0,34.0,34.0,52.0,20.0,22.0,78.0,24.0,26.0,46.0,300.0,20.0,35.0,68.0,22.0,38.0,151.0,62.0,102.0,38.0,30.0,36.0,27.0,15.0,30.0,52.0,184.0,34.0,43.0,48.0,46.0
75.0,21.0,16.0,37.0,46.0,37.0,54.0,47.0,31.0,31.0,199.0,86.0,149.0,79.0,20.0,33.0,52.0,21.0,64.0,58.0,207.0,45.0,27.0,25.0,73.0,38.0,33.0,148.0,114.0,51.0,62.0,29.0,25.0,28.0,46.0,40.0,37.0,220.0,17.0,28.0,69.0,28.0,25.0,194.0,579.0,958.0,914.0,868.0,673.0,784.0,1111.0,740.0,621.0,1069.0,1083.0,1257.0,946.0,883.0,983.0,1049.0,1289.0,734.0,948.0,417.0,432.0,471.0,455.0,431.0,548.0,534.0,389.0,331.0,292.0,231.0,174.0,171.0,179.0,193.0,191.0,120.0,272.0,183.0,251.0,527.0,734.0,896.0,880.0,889.0,1042.0,899.0,770.0,776.0,569.0,463.0,643.0,314.0,486.0,454.0,660.0,507.0,222.0,381.0,291.0,121.0,410.0,183.0,199.0,245.0,74.0,142.0,125.0,236.0,111.0,107.0,146.0,117.0,133.0,169.0,63.0,77.0,71.0,64.0,84.0,56.0,60.0,69.0,55.0,209.0,84.0,79.0,49.0,35.0,49.0,35.0,56.0,258.0,37.0,44.0,40.0,34.0,26.0,148.0,80.0,69.0,48.0,77.0,28.0,21.0,230.0,55.0,44.0,66.0,25.0,25.0,25.0,21.0,18.0,21.0,29.0,59.0,69.0,22.0,27.0,35.0,229.0,125.0,17.0,38.0,25.0,33.0,73.0,38.0,21.0,70.0,33.0,34.0,32.0,190.0,26.0,66.0,47.0,31.0,36.0,57.0,37.0,16.0,49.0,23.0,239.0,31.0,45.0,66.0,50.0,21.0,49.0,62.0,87.0,29.0,18.0,64.0
52.0,234.0,28.0,40.0,34.0,58.0,24.0,39.0,21.0,12.0,19.0,48.0,45.0,234.0,38.0,26.0,18.0,33.0,39.0,27.0,67.0,226.0,24.0,17.0,37.0,24.0,28.0,45.0,37.0,70.0,45.0,222.0,66.0,503.0,489.0,841.0,840.0,1157.0,900.0,795.0,881.0,985.0,910.0,994.0,1063.0,1082.0,962.0,1275.0,1139.0,988.0,1067.0,503.0,464.0,428.0,333.0,399.0,377.0,539.0,367.0,395.0,339.0,236.0,218.0,189.0,166.0,141.0,250.0,320.0,251.0,248.0,693.0,1032.0,901.0,1050.0,931.0,660.0,977.0,955.0,707.0,937.0,602.0,733.0,685.0,640.0,683.0,358.0,399.0,463.0,254.0,424.0,199.0,278.0,314.0,194.0,107.0,133.0,170.0,168.0,133.0,139.0,169.0,149.0,101.0,72.0,117.0,252.0,118.0,92.0,60.0,58.0,64.0,68.0,32.0,83.0,52.0,23.0,198.0,49.0,31.0,57.0,25.0,56.0,58.0,36.0,221.0,39.0,29.0,49.0,40.0,24.0,39.0,180.0,52.0,33.0,38.0,89.0,39.0,70.0,18.0,27.0,26.0,238.0,64.0,52.0,26.0,18.0,79.0,20.0,35.0,30.0,195.0,54.0,49.0,47.0,44.0,34.0,22.0,45.0,23.0,53.0,35.0,25.0,217.0,70.0,21.0,17.0,31.0,21.0,20.0,53.0,36.0,24.0,50.0,25.0,16.0,33.0,257.0,15.0,26.0,35.0,39.0,23.0,60.0,202.0,38.0,36.0,39.0,23.0,58.0,140.0,50.0,24.0,49.0,59.0,25.0,29.0,35.0,46.0,33.0,60.0
25.0,36.0,22.0,40.0,32.0,16.0,34.0,36.0,22.0,278.0,83.0,79.0,103.0,18.0,55.0,55.0,20.0,30.0,21.0,33.0,282.0,60.0,17.0,44.0,22.0,18.0,76.0,70.0,59.0,20.0,72.0,66.0,50.0,271.0,35.0,100.0,364.0,436.0,586.0,457.0,645.0,794.0,435.0,749.0,847.0,748.0,664.0,1083.0,1102.0,1060.0,937.0,1409.0,1301.0,1032.0,686.0,388.0,345.0,359.0,305.0,356.0,364.0,281.0,329.0,284.0,256.0,238.0,210.0,265.0,295.0,160.0,188.0,261.0,325.0,123.0,181.0,179.0,93.0,92.0,415.0,634.0,536.0,666.0,723.0,514.0,710.0,384.0,696.0,338.0,494.0,434.0,391.0,458.0,359.0,350.0,242.0,277.0,246.0,391.0,142.0,253.0,163.0,108.0,141.0,70.0,97.0,319.0,59.0,47.0,104.0,94.0,101.0,115.0,113.0,128.0,93.0,94.0,232.0,98.0,66.0,92.0,57.0,65.0,51.0,48.0,214.0,21.0,21.0,72.0,72.0,39.0,66.0,21.0,74.0,28.0,25.0,13.0,270.0,31.0,46.0,25.0,101.0,33.0,44.0,38.0,70.0,18.0,17.0,22.0,221.0,24.0,47.0,15.0,41.0,47.0,21.0,25.0,49.0,16.0,29.0,36.0,35.0,40.0,265.0,52.0,29.0,32.0,26.0,23.0,45.0,66.0,198.0,82.0,46.0,45.0,44.0,27.0,25.0,52.0,51.0,48.0,30.0,30.0,309.0,32.0,20.0,42.0,36.0,50.0,18.0,41.0,154.0,29.0,45.0,28.0,71.0,62.0,67.0,39.0,28.0,42.0
59.0,31.0,35.0,58.0,16.0,18.0,92.0,26.0,41.0,297.0,42.0,15.0,46.0,51.0,19.0,31.0,36.0,30.0,234.0,68.0,61.0,59.0,61.0,58.0,28.0,58.0,59.0,39.0,15.0,34.0,20.0,223.0,32.0,37.0,29.0,50.0,50.0,34.0,32.0,231.0,44.0,85.0,497.0,865.0,798.0,1008.0,1221.0,1323.0,1152.0,1145.0,1013.0,1334.0,1362.0,1090.0,1156.0,852.0,1124.0,1217.0,1126.0,731.0,473.0,449.0,371.0,489.0,474.0,480.0,443.0,406.0,372.0,292.0,226.0,146.0,230.0,192.0,245.0,293.0,108.0,175.0,185.0,184.0,217.0,594.0,769.0,766.0,1005.0,727.0,502.0,474.0,239.0,690.0,423.0,753.0,307.0,524.0,401.0,247.0,440.0,265.0,391.0,303.0,169.0,400.0,199.0,202.0,136.0,223.0,154.0,126.0,107.0,65.0,120.0,63.0,168.0,76.0,66.0,91.0,241.0,85.0,95.0,93.0,69.0,44.0,79.0,62.0,254.0,98.0,58.0,37.0,42.0,49.0,29.0,27.0,58.0,29.0,23.0,40.0,22.0,70.0,38.0,31.0,236.0,51.0,23.0,78.0,30.0,24.0,16.0,79.0,36.0,21.0,22.0,21.0,24.0,244.0,18.0,34.0,49.0,33.0,46.0,22.0,27.0,35.0,227.0,44.0,51.0,59.0,34.0,40.0,36.0,50.0,185.0,27.0,27.0,25.0,11.0,27.0,49.0,144.0,12.0,31.0,27.0,37.0,17.0,35.0,32.0,193.0,47.0,46.0,21.0,25.0,22.0,27.0,37.0,22.0,19.0,173.0,18.0,24.0,27.0,20.0
69.0,94.0,76.0,73.0,30.0,16.0,64.0,29.0,76.0,18.0,23.0,252.0,51.0,29.0,30.0,26.0,133.0,71.0,38.0,41.0,178.0,42.0,28.0,19.0,28.0,40.0,28.0,34.0,163.0,26.0,67.0,317.0,360.0,374.0,392.0,686.0,891.0,665.0,517.0,903.0,832.0,782.0,1035.0,943.0,907.0,836.0,701.0,995.0,738.0,524.0,284.0,261.0,312.0,379.0,267.0,225.0,262.0,190.0,166.0,241.0,274.0,214.0,152.0,144.0,244.0,75.0,493.0,277.0,530.0,788.0,897.0,1006.0,633.0,886.0,568.0,527.0,967.0,520.0,834.0,475.0,595.0,254.0,389.0,470.0,611.0,432.0,341.0,391.0,273.0,359.0,124.0,150.0,199.0,142.0,194.0,122.0,124.0,164.0,346.0,163.0,94.0,55.0,79.0,83.0,105.0,58.0,77.0,56.0,44.0,45.0,191.0,56.0,94.0,67.0,58.0,44.0,49.0,69.0,82.0,64.0,33.0,36.0,32.0,300.0,70.0,47.0,96.0,104.0,41.0,22.0,35.0,40.0,38.0,34.0,162.0,18.0,20.0,23.0,33.0,39.0,88.0,30.0,40.0,45.0,28.0,19.0,32.0,54.0,312.0,24.0,30.0,23.0,23.0,73.0,107.0,96.0,40.0,53.0,27.0,39.0,28.0,33.0,43.0,40.0,21.0,25.0,30.0,35.0,34.0,31.0,52.0,216.0,41.0,75.0,48.0,32.0,72.0,25.0,33.0,187.0,19.0,31.0,41.0,38.0,47.0,34.0,28.0,18.0,42.0,24.0,24.0,257.0,37.0,22.0,36.0,25.0,77.0,41.0,45.0,24.0
23.0,32.0,50.0,46.0,243.0,41.0,32.0,44.0,33.0,28.0,26.0,17.0,244.0,47.0,33.0,46.0,85.0,18.0,41.0,82.0,28.0,29.0,171.0,54.0,41.0,23.0,24.0,20.0,14.0,30.0,25.0,25.0,25.0,164.0,56.0,20.0,40.0,291.0,454.0,271.0,333.0,628.0,623.0,332.0,815.0,690.0,759.0,460.0,909.0,843.0,990.0,569.0,1200.0,1059.0,1183.0,1087.0,767.0,311.0,315.0,291.0,174.0,309.0,277.0,364.0,284.0,266.0,303.0,315.0,169.0,167.0,159.0,106.0,101.0,77.0,77.0,313.0,219.0,514.0,537.0,853.0,1026.0,521.0,730.0,801.0,505.0,1069.0,818.0,514.0,926.0,551.0,662.0,696.0,625.0,640.0,619.0,584.0,510.0,338.0,355.0,367.0,160.0,200.0,208.0,120.0,310.0,164.0,218.0,190.0,168.0,128.0,138.0,114.0,66.0,122.0,182.0,150.0,105.0,89.0,88.0,74.0,64.0,167.0,108.0,53.0,50.0,57.0,58.0,69.0,48.0,42.0,40.0,62.0,44.0,25.0,45.0,208.0,59.0,32.0,57.0,25.0,72.0,150.0,32.0,48.0,35.0,44.0,25.0,19.0,19.0,47.0,54.0,15.0,63.0,217.0,19.0,19.0,21.0,26.0,61.0,54.0,72.0,33.0,43.0,36.0,24.0,194.0,24.0,34.0,29.0,33.0,29.0,39.0,53.0,59.0,208.0,28.0,27.0,29.0,30.0,72.0,43.0,37.0,37.0,68.0,19.0,250.0,42.0,24.0,29.0,31.0,109.0,18.0,38.0,69.0,33.0,42.0,17.0,24.0,234.0,51.0
43.0,39.0,217.0,82.0,27.0,32.0,75.0,93.0,41.0,44.0,41.0,23.0,42.0,91.0,241.0,18.0,54.0,90.0,29.0,31.0,31.0,67.0,46.0,13.0,28.0,45.0,233.0,30.0,57.0,22.0,30.0,23.0,16.0,140.0,34.0,30.0,49.0,140.0,149.0,477.0,523.0,418.0,841.0,1040.0,594.0,744.0,969.0,851.0,594.0,1033.0,1113.0,977.0,828.0,1197.0,1001.0,1192.0,1125.0,554.0,403.0,395.0,417.0,321.0,280.0,352.0,184.0,187.0,260.0,167.0,202.0,144.0,223.0,169.0,161.0,172.0,157.0,113.0,88.0,246.0,250.0,166.0,691.0,923.0,932.0,987.0,703.0,929.0,1039.0,665.0,929.0,458.0,1003.0,799.0,697.0,694.0,490.0,536.0,381.0,361.0,289.0,464.0,151.0,184.0,129.0,162.0,298.0,163.0,130.0,190.0,124.0,332.0,120.0,142.0,72.0,112.0,214.0,68.0,104.0,93.0,63.0,39.0,73.0,101.0,63.0,59.0,41.0,36.0,29.0,243.0,32.0,69.0,92.0,34.0,52.0,45.0,42.0,41.0,251.0,47.0,25.0,31.0,79.0,40.0,29.0,40.0,42.0,190.0,18.0,38.0,23.0,48.0,63.0,48.0,23.0,44.0,54.0,36.0,163.0,27.0,19.0,23.0,39.0,31.0,40.0,45.0,46.0,32.0,22.0,258.0,38.0,27.0,51.0,21.0,23.0,36.0,44.0,19.0,38.0,21.0,30.0,64.0,36.0,24.0,241.0,44.0,44.0,56.0,32.0,33.0,25.0,17.0,235.0,38.0,57.0,25.0,91.0,55.0,24.0,44.0,21.0,24.0
36.0,57.0,39.0,24.0,14.0,41.0,31.0,259.0,27.0,22.0,51.0,40.0,22.0,60.0,23.0,35.0,165.0,37.0,11.0,39.0,46.0,43.0,33.0,199.0,48.0,16.0,51.0,66.0,23.0,25.0,24.0,25.0,31.0,29.0,27.0,224.0,54.0,53.0,373.0,233.0,822.0,803.0,705.0,780.0,1097.0,1187.0,761.0,1234.0,1115.0,1100.0,916.0,1334.0,1266.0,1146.0,1050.0,1181.0,1283.0,733.0,565.0,332.0,586.0,629.0,403.0,592.0,307.0,295.0,455.0,332.0,264.0,297.0,276.0,268.0,216.0,165.0,153.0,101.0,126.0,470.0,435.0,810.0,972.0,885.0,1042.0,781.0,964.0,722.0,655.0,897.0,527.0,825.0,647.0,546.0,544.0,540.0,525.0,375.0,459.0,455.0,475.0,480.0,320.0,223.0,227.0,315.0,190.0,218.0,346.0,214.0,155.0,197.0,186.0,148.0,209.0,196.0,76.0,96.0,240.0,56.0,69.0,60.0,72.0,42.0,47.0,80.0,72.0,39.0,93.0,55.0,84.0,256.0,47.0,40.0,63.0,38.0,21.0,43.0,49.0,41.0,29.0,33.0,62.0,24.0,185.0,18.0,108.0,38.0,82.0,35.0,37.0,37.0,17.0,34.0,17.0,268.0,44.0,23.0,20.0,36.0,32.0,39.0,43.0,20.0,33.0,22.0,175.0,47.0,33.0,22.0,27.0,39.0,53.0,16.0,41.0,26.0,31.0,24.0,249.0,12.0,40.0,78.0,38.0,34.0,37.0,39.0,27.0,27.0,285.0,18.0,31.0,41.0,46.0,77.0,53.0,94.0,29.0,226.0,28.0,30.0,28.0,27.0
28.0,56.0,39.0,18.0,59.0,52.0,40.0,40.0,26.0,36.0,170.0,27.0,28.0,26.0,31.0,29.0,14.0,78.0,34.0,35.0,71.0,54.0,286.0,23.0,26.0,29.0,69.0,38.0,40.0,28.0,53.0,92.0,29.0,36.0,53.0,22.0,23.0,266.0,41.0,25.0,26.0,29.0,27.0,80.0,96.0,300.0,349.0,636.0,435.0,1006.0,701.0,902.0,459.0,948.0,948.0,744.0,874.0,1130.0,1112.0,964.0,1279.0,1139.0,825.0,597.0,356.0,420.0,464.0,386.0,310.0,322.0,322.0,217.0,191.0,243.0,197.0,195.0,107.0,187.0,178.0,153.0,105.0,162.0,393.0,238.0,182.0,135.0,159.0,497.0,623.0,517.0,322.0,626.0,515.0,636.0,771.0,329.0,645.0,413.0,695.0,451.0,291.0,381.0,241.0,250.0,223.0,199.0,170.0,114.0,200.0,82.0,120.0,281.0,115.0,96.0,117.0,113.0,111.0,42.0,84.0,103.0,81.0,273.0,75.0,61.0,60.0,24.0,43.0,58.0,50.0,49.0,212.0,59.0,30.0,90.0,54.0,53.0,35.0,193.0,66.0,31.0,29.0,23.0,21.0,14.0,30.0,43.0,40.0,19.0,62.0,44.0,37.0,294.0,31.0,39.0,51.0,18.0,29.0,41.0,34.0,63.0,219.0,28.0,31.0,30.0,46.0,25.0,36.0,22.0,39.0,11.0,239.0,30.0,33.0,47.0,37.0,44.0,46.0,48.0,39.0,41.0,22.0,20.0,21.0,31.0,39.0,220.0,52.0,31.0,29.0,27.0,54.0,28.0,124.0,73.0,43.0,15.0,90.0,46.0,39.0,70.0
18.0,20.0,170.0,29.0,28.0,28.0,16.0,19.0,41.0,50.0,19.0,261.0,62.0,34.0,29.0,17.0,39.0,38.0,25.0,15.0,22.0,23.0,29.0,25.0,216.0,62.0,81.0,47.0,49.0,25.0,23.0,23.0,21.0,16.0,74.0,145.0,141.0,20.0,19.0,31.0,59.0,133.0,494.0,160.0,528.0,498.0,664.0,1017.0,634.0,803.0,1009.0,1052.0,787.0,1214.0,1194.0,1026.0,886.0,1096.0,745.0,365.0,376.0,239.0,313.0,278.0,290.0,173.0,257.0,234.0,202.0,210.0,179.0,140.0,183.0,106.0,127.0,116.0,105.0,132.0,373.0,136.0,223.0,848.0,608.0,632.0,623.0,615.0,624.0,725.0,568.0,752.0,445.0,594.0,689.0,432.0,399.0,296.0,263.0,220.0,273.0,254.0,111.0,173.0,115.0,101.0,350.0,180.0,118.0,124.0,155.0,79.0,87.0,84.0,64.0,79.0,61.0,97.0,237.0,75.0,68.0,62.0,45.0,64.0,67.0,39.0,41.0,84.0,44.0,235.0,48.0,42.0,26.0,24.0,27.0,50.0,35.0,18.0,74.0,33.0,24.0,46.0,29.0,41.0,33.0,315.0,37.0,26.0,48.0,14.0,27.0,65.0,76.0,41.0,218.0,21.0,37.0,49.0,32.0,30.0,27.0,41.0,31.0,180.0,103.0,20.0,33.0,27.0,46.0,41.0,17.0,71.0,23.0,183.0,26.0,9.0,23.0,49.0,52.0,31.0,39.0,200.0,30.0,57.0,42.0,88.0,107.0,44.0,32.0,21.0,18.0,27.0,55.0,266.0,56.0,57.0,20.0,35.0,73.0,71.0,31.0,24.0
63.0,42.0,19.0,37.0,258.0,44.0,23.0,33.0,11.0,64.0,21.0,50.0,23.0,23.0,254.0,32.0,35.0,51.0,20.0,22.0,69.0,19.0,55.0,22.0,46.0,194.0,31.0,69.0,15.0,30.0,46.0,31.0,91.0,153.0,655.0,427.0,770.0,739.0,936.0,814.0,826.0,1098.0,1065.0,1116.0,992.0,794.0,1042.0,1208.0,1156.0,1018.0,729.0,420.0,336.0,390.0,315.0,356.0,331.0,302.0,381.0,225.0,258.0,158.0,315.0,174.0,225.0,234.0,196.0,105.0,140.0,498.0,250.0,689.0,977.0,968.0,1224.0,820.0,926.0,1105.0,753.0,735.0,1003.0,755.0,774.0,635.0,406.0,757.0,452.0,828.0,608.0,385.0,687.0,257.0,461.0,460.0,371.0,272.0,286.0,183.0,105.0,146.0,214.0,108.0,76.0,98.0,140.0,165.0,81.0,76.0,94.0,74.0,258.0,58.0,46.0,46.0,81.0,136.0,83.0,71.0,63.0,40.0,49.0,45.0,48.0,53.0,295.0,40.0,90.0,41.0,60.0,48.0,42.0,22.0,164.0,36.0,62.0,46.0,58.0,25.0,25.0,29.0,26.0,17.0,217.0,52.0,36.0,32.0,25.0,26.0,30.0,23.0,77.0,210.0,20.0,53.0,39.0,39.0,40.0,44.0,38.0,47.0,193.0,29.0,53.0,33.0,94.0,81.0,41.0,59.0,47.0,50.0,166.0,17.0,22.0,39.0,41.0,29.0,37.0,228.0,69.0,34.0,24.0,44.0,40.0,22.0,33.0,35.0,17.0,44.0,244.0,23.0,28.0,17.0,50.0,22.0,34.0,34.0,26.0,29.0,28.0,18.0
21.0,54.0,21.0,25.0,39.0,234.0,44.0,56.0,49.0,27.0,35.0,42.0,19.0,42.0,35.0,65.0,276.0,54.0,33.0,50.0,46.0,42.0,186.0,23.0,40.0,50.0,41.0,99.0,24.0,38.0,199.0,99.0,28.0,17.0,31.0,62.0,38.0,61.0,52.0,29.0,40.0,199.0,56.0,61.0,28.0,27.0,62.0,67.0,23.0,49.0,67.0,61.0,49.0,383.0,219.0,375.0,350.0,633.0,431.0,555.0,705.0,784.0,526.0,855.0,749.0,639.0,749.0,991.0,1016.0,911.0,1178.0,1268.0,517.0,586.0,259.0,395.0,459.0,273.0,297.0,304.0,201.0,237.0,280.0,197.0,151.0,318.0,137.0,132.0,145.0,146.0,120.0,486.0,375.0,143.0,365.0,566.0,592.0,750.0,543.0,543.0,359.0,305.0,384.0,251.0,263.0,294.0,379.0,171.0,307.0,268.0,432.0,299.0,352.0,199.0,175.0,181.0,93.0,80.0,216.0,109.0,54.0,94.0,74.0,86.0,52.0,48.0,25.0,59.0,55.0,219.0,96.0,54.0,56.0,46.0,74.0,42.0,63.0,61.0,34.0,47.0,65.0,220.0,50.0,22.0,93.0,30.0,21.0,38.0,18.0,34.0,33.0,33.0,33.0,40.0,28.0,27.0,223.0,25.0,64.0,52.0,60.0,31.0,29.0,21.0,38.0,39.0,18.0,48.0,271.0,24.0,13.0,35.0,36.0,15.0,52.0,63.0,18.0,21.0,228.0,24.0,47.0,31.0,32.0,25.0,26.0,32.0,54.0,66.0,99.0,19.0,28.0,19.0,249.0,29.0,23.0,68.0,45.0,52.0,33.0,183.0
30.0,26.0,41.0,128.0,43.0,39.0,32.0,71.0,33.0,13.0,132.0,84.0,41.0,63.0,31.0,46.0,57.0,39.0,34.0,17.0,224.0,220.0,300.0,350.0,493.0,690.0,358.0,792.0,803.0,840.0,681.0,991.0,1218.0,1008.0,1211.0,987.0,1135.0,1133.0,1136.0,1223.0,918.0,1345.0,1160.0,508.0,497.0,501.0,458.0,597.0,505.0,484.0,359.0,361.0,310.0,354.0,156.0,241.0,210.0,128.0,190.0,194.0,159.0,218.0,403.0,223.0,670.0,660.0,801.0,879.0,866.0,823.0,925.0,664.0,633.0,932.0,758.0,832.0,685.0,316.0,741.0,495.0,576.0,603.0,331.0,370.0,437.0,221.0,166.0,189.0,286.0,127.0,95.0,113.0,111.0,70.0,73.0,260.0,185.0,70.0,47.0,56.0,78.0,86.0,226.0,86.0,38.0,45.0,86.0,79.0,60.0,52.0,57.0,49.0,250.0,47.0,57.0,51.0,46.0,28.0,25.0,89.0,34.0,23.0,53.0,214.0,99.0,44.0,36.0,43.0,13.0,23.0,38.0,56.0,38.0,32.0,21.0,23.0,266.0,23.0,16.0,36.0,22.0,39.0,16.0,76.0,197.0,28.0,51.0,31.0,32.0,31.0,41.0,57.0,23.0,17.0,40.0,22.0,257.0,42.0,31.0,56.0,68.0,57.0,81.0,20.0,32.0,24.0,177.0,54.0,66.0,116.0,63.0,44.0,12.0,79.0,64.0,81.0,82.0,226.0,21.0,36.0,23.0,74.0,48.0,150.0,60.0,48.0,26.0,31.0,51.0,25.0,36.0,18.0,21.0,71.0,11.0,26.0,23.0,24.0,29.0,253.0
40.0,43.0,28.0,23.0,31.0,17.0,52.0,65.0,264.0,17.0,36.0,27.0,70.0,54.0,13.0,21.0,204.0,30.0,51.0,23.0,11.0,16.0,18.0,30.0,177.0,24.0,41.0,48.0,22.0,28.0,47.0,30.0,35.0,20.0,57.0,43.0,29.0,272.0,23.0,92.0,280.0,562.0,332.0,744.0,745.0,648.0,1129.0,941.0,819.0,997.0,859.0,613.0,1067.0,1224.0,1331.0,1277.0,1103.0,1087.0,1222.0,1000.0,749.0,599.0,473.0,505.0,468.0,509.0,391.0,406.0,395.0,356.0,226.0,265.0,262.0,295.0,250.0,156.0,206.0,127.0,113.0,341.0,248.0,134.0,385.0,862.0,1105.0,787.0,704.0,874.0,598.0,615.0,893.0,707.0,936.0,446.0,607.0,701.0,599.0,698.0,587.0,504.0,553.0,297.0,570.0,216.0,392.0,214.0,211.0,188.0,164.0,98.0,180.0,102.0,146.0,117.0,73.0,59.0,91.0,220.0,89.0,75.0,99.0,61.0,73.0,76.0,64.0,33.0,53.0,50.0,196.0,65.0,49.0,76.0,33.0,57.0,37.0,40.0,36.0,172.0,38.0,24.0,20.0,26.0,22.0,18.0,17.0,22.0,27.0,100.0,16.0,46.0,257.0,43.0,70.0,33.0,33.0,133.0,35.0,65.0,39.0,42.0,145.0,92.0,29.0,22.0,24.0,32.0,24.0,28.0,27.0,23.0,27.0,20.0,34.0,19.0,36.0,282.0,27.0,52.0,18.0,21.0,57.0,33.0,41.0,40.0,42.0,41.0,47.0,19.0,20.0,291.0,45.0,59.0,35.0,22.0,26.0,62.0,239.0,27.0,23.0,34.0
57.0,29.0,70.0,44.0,37.0,40.0,245.0,26.0,61.0,16.0,26.0,35.0,24.0,37.0,22.0,202.0,48.0,43.0,59.0,30.0,24.0,48.0,18.0,27.0,26.0,247.0,26.0,58.0,52.0,42.0,26.0,68.0,31.0,30.0,25.0,47.0,32.0,213.0,50.0,25.0,12.0,38.0,69.0,25.0,51.0,76.0,94.0,499.0,245.0,771.0,694.0,564.0,604.0,732.0,730.0,519.0,996.0,764.0,770.0,1069.0,961.0,1010.0,866.0,1278.0,519.0,358.0,356.0,331.0,400.0,365.0,264.0,210.0,256.0,329.0,211.0,292.0,147.0,150.0,128.0,157.0,148.0,111.0,339.0,578.0,137.0,478.0,947.0,707.0,664.0,921.0,500.0,748.0,858.0,482.0,847.0,478.0,538.0,506.0,493.0,591.0,479.0,547.0,385.0,412.0,245.0,193.0,180.0,159.0,188.0,125.0,330.0,147.0,191.0,179.0,183.0,85.0,103.0,83.0,65.0,125.0,258.0,71.0,106.0,166.0,60.0,76.0,63.0,80.0,58.0,62.0,43.0,37.0,56.0,194.0,48.0,60.0,39.0,41.0,45.0,31.0,36.0,41.0,21.0,260.0,100.0,16.0,33.0,54.0,22.0,25.0,19.0,190.0,45.0,14.0,35.0,33.0,47.0,23.0,25.0,35.0,44.0,35.0,242.0,41.0,64.0,19.0,24.0,28.0,41.0,64.0,43.0,44.0,62.0,30.0,23.0,45.0,34.0,253.0,28.0,37.0,62.0,29.0,39.0,34.0,15.0,32.0,58.0,50.0,199.0,36.0,33.0,23.0,33.0,16.0,34.0,21.0,44.0,203.0,32.0,62.0
14.0,12.0,246.0,32.0,26.0,48.0,23.0,27.0,49.0,28.0,17.0,54.0,41.0,15.0,28.0,25.0,314.0,31.0,35.0,27.0,30.0,28.0,25.0,48.0,29.0,13.0,27.0,31.0,234.0,40.0,31.0,31.0,21.0,41.0,38.0,77.0,19.0,95.0,13.0,31.0,47.0,40.0,24.0,268.0,80.0,47.0,71.0,146.0,47.0,97.0,321.0,417.0,199.0,489.0,284.0,769.0,755.0,669.0,732.0,790.0,808.0,701.0,1019.0,936.0,725.0,959.0,846.0,1008.0,932.0,765.0,384.0,349.0,514.0,395.0,300.0,305.0,394.0,216.0,210.0,363.0,197.0,139.0,159.0,116.0,207.0,170.0,93.0,122.0,246.0,179.0,220.0,390.0,724.0,570.0,886.0,581.0,806.0,712.0,433.0,986.0,499.0,698.0,605.0,525.0,638.0,328.0,537.0,297.0,423.0,350.0,211.0,249.0,181.0,122.0,152.0,150.0,72.0,148.0,59.0,101.0,289.0,58.0,74.0,107.0,196.0,88.0,46.0,87.0,23.0,59.0,72.0,54.0,55.0,217.0,36.0,29.0,36.0,30.0,71.0,62.0,149.0,55.0,45.0,52.0,33.0,22.0,76.0,64.0,36.0,222.0,29.0,66.0,52.0,27.0,21.0,19.0,41.0,76.0,23.0,8.0,59.0,200.0,99.0,59.0,34.0,77.0,16.0,44.0,37.0,28.0,27.0,48.0,32.0,65.0,246.0,18.0,24.0,98.0,51.0,34.0,26.0,49.0,15.0,35.0,76.0,41.0,269.0,25.0,41.0,57.0,29.0,29.0,15.0,85.0,17.0,194.0,99.0,31.0,78.0,53.0
44.0,23.0,33.0,32.0,21.0,32.0,41.0,41.0,46.0,44.0,286.0,25.0,38.0,37.0,39.0,18.0,26.0,44.0,29.0,252.0,23.0,29.0,44.0,54.0,65.0,23.0,69.0,14.0,34.0,20.0,58.0,60.0,34.0,38.0,291.0,48.0,20.0,69.0,23.0,185.0,65.0,112.0,19.0,47.0,373.0,393.0,673.0,383.0,960.0,799.0,733.0,1115.0,1076.0,1177.0,962.0,960.0,1208.0,1233.0,1129.0,1029.0,1254.0,1242.0,1322.0,920.0,981.0,529.0,587.0,565.0,471.0,391.0,556.0,400.0,382.0,332.0,284.0,308.0,222.0,228.0,177.0,146.0,189.0,124.0,145.0,253.0,120.0,131.0,133.0,594.0,461.0,823.0,686.0,401.0,751.0,608.0,491.0,622.0,499.0,593.0,565.0,348.0,582.0,355.0,246.0,379.0,255.0,315.0,98.0,210.0,255.0,133.0,126.0,131.0,223.0,90.0,96.0,82.0,76.0,76.0,106.0,183.0,51.0,40.0,41.0,45.0,58.0,54.0,42.0,41.0,49.0,36.0,51.0,58.0,198.0,48.0,45.0,33.0,41.0,47.0,27.0,38.0,39.0,54.0,212.0,35.0,28.0,47.0,22.0,24.0,199.0,28.0,18.0,28.0,40.0,45.0,46.0,52.0,30.0,51.0,26.0,267.0,75.0,41.0,33.0,38.0,36.0,22.0,42.0,39.0,27.0,25.0,37.0,37.0,41.0,61.0,22.0,33.0,237.0,42.0,37.0,49.0,54.0,9.0,38.0,23.0,30.0,24.0,27.0,209.0,37.0,61.0,34.0,24.0,50.0,41.0,28.0,56.0,73.0,58.0,35.0,156.0
64.0,31.0,30.0,167.0,52.0,20.0,32.0,62.0,30.0,43.0,56.0,16.0,69.0,62.0,269.0,19.0,79.0,17.0,45.0,31.0,27.0,30.0,54.0,27.0,32.0,27.0,33.0,41.0,31.0,261.0,48.0,27.0,71.0,20.0,27.0,31.0,22.0,161.0,31.0,148.0,468.0,196.0,159.0,637.0,786.0,718.0,722.0,831.0,735.0,445.0,999.0,979.0,758.0,636.0,1060.0,1168.0,889.0,1064.0,1264.0,596.0,363.0,254.0,382.0,319.0,396.0,262.0,277.0,226.0,269.0,202.0,192.0,291.0,152.0,166.0,168.0,136.0,328.0,237.0,111.0,245.0,770.0,692.0,752.0,951.0,464.0,807.0,761.0,560.0,1217.0,397.0,790.0,409.0,671.0,510.0,534.0,446.0,358.0,510.0,443.0,299.0,207.0,210.0,196.0,91.0,196.0,139.0,204.0,154.0,207.0,200.0,281.0,171.0,135.0,87.0,84.0,84.0,111.0,71.0,44.0,240.0,67.0,91.0,60.0,95.0,91.0,73.0,43.0,252.0,91.0,55.0,33.0,38.0,26.0,19.0,69.0,35.0,29.0,35.0,191.0,35.0,31.0,76.0,35.0,50.0,63.0,68.0,46.0,30.0,81.0,20.0,40.0,260.0,41.0,20.0,81.0,50.0,35.0,66.0,45.0,59.0,30.0,18.0,231.0,15.0,29.0,23.0,50.0,52.0,25.0,40.0,39.0,39.0,50.0,22.0,41.0,279.0,20.0,30.0,65.0,74.0,72.0,40.0,37.0,189.0,74.0,31.0,27.0,38.0,35.0,17.0,27.0,35.0,18.0,25.0,22.0,177.0,90.0,60.0,36.0,42.0
32.0,33.0,37.0,53.0,21.0,50.0,147.0,25.0,18.0,51.0,27.0,28.0,24.0,16.0,27.0,15.0,186.0,45.0,67.0,19.0,37.0,34.0,26.0,46.0,41.0,16.0,178.0,29.0,21.0,94.0,12.0,23.0,36.0,40.0,23.0,24.0,20.0,100.0,519.0,262.0,882.0,753.0,777.0,706.0,1051.0,922.0,992.0,582.0,997.0,946.0,766.0,800.0,1114.0,1061.0,850.0,936.0,1091.0,551.0,370.0,250.0,293.0,340.0,316.0,227.0,291.0,232.0,232.0,233.0,148.0,184.0,130.0,151.0,192.0,156.0,137.0,68.0,135.0,117.0,99.0,49.0,527.0,675.0,319.0,748.0,405.0,500.0,540.0,410.0,627.0,487.0,546.0,620.0,406.0,329.0,336.0,256.0,293.0,215.0,158.0,124.0,136.0,94.0,86.0,97.0,80.0,94.0,84.0,249.0,76.0,74.0,46.0,100.0,34.0,158.0,51.0,94.0,55.0,67.0,49.0,59.0,20.0,47.0,47.0,50.0,228.0,64.0,104.0,53.0,41.0,45.0,53.0,29.0,46.0,47.0,259.0,79.0,29.0,38.0,44.0,25.0,20.0,33.0,21.0,22.0,163.0,57.0,92.0,43.0,70.0,21.0,33.0,23.0,31.0,32.0,15.0,128.0,117.0,23.0,28.0,23.0,20.0,45.0,51.0,15.0,40.0,46.0,26.0,17.0,49.0,264.0,38.0,17.0,25.0,40.0,25.0,72.0,51.0,29.0,36.0,63.0,35.0,297.0,34.0,38.0,33.0,35.0,43.0,16.0,102.0,39.0,67.0,79.0,20.0,44.0,28.0,30.0,23.0,33.0,29.0,22.0
72.0,57.0,47.0,52.0,84.0,17.0,17.0,23.0,164.0,20.0,22.0,62.0,22.0,34.0,42.0,54.0,22.0,22.0,16.0,181.0,23.0,67.0,17.0,29.0,28.0,8.0,54.0,53.0,43.0,21.0,278.0,47.0,58.0,26.0,57.0,18.0,32.0,53.0,79.0,75.0,222.0,22.0,30.0,45.0,27.0,114.0,443.0,500.0,183.0,742.0,535.0,819.0,990.0,993.0,886.0,695.0,1134.0,1392.0,1159.0,1150.0,1323.0,1088.0,1320.0,1196.0,1043.0,1239.0,367.0,429.0,302.0,406.0,301.0,422.0,423.0,452.0,400.0,300.0,299.0,162.0,152.0,153.0,111.0,204.0,297.0,189.0,333.0,313.0,212.0,321.0,836.0,1209.0,900.0,813.0,1210.0,557.0,764.0,653.0,590.0,742.0,543.0,617.0,493.0,651.0,491.0,442.0,495.0,353.0,344.0,258.0,286.0,199.0,103.0,131.0,124.0,180.0,278.0,227.0,131.0,168.0,130.0,108.0,255.0,70.0,82.0,75.0,73.0,55.0,56.0,48.0,205.0,77.0,29.0,25.0,59.0,62.0,36.0,38.0,63.0,81.0,204.0,20.0,72.0,40.0,29.0,30.0,58.0,39.0,33.0,48.0,36.0,20.0,49.0,161.0,22.0,25.0,18.0,41.0,55.0,18.0,20.0,16.0,52.0,40.0,212.0,15.0,71.0,56.0,46.0,60.0,29.0,22.0,54.0,20.0,228.0,51.0,17.0,60.0,43.0,40.0,21.0,16.0,19.0,39.0,19.0,211.0,20.0,48.0,23.0,19.0,39.0,99.0,47.0,41.0,23.0,38.0,30.0,30.0,204.0,32.0,15.0,26.0
20.0,19.0,252.0,27.0,43.0,18.0,25.0,12.0,20.0,24.0,27.0,31.0,58.0,21.0,54.0,276.0,40.0,50.0,23.0,37.0,22.0,61.0,56.0,71.0,23.0,31.0,45.0,29.0,41.0,296.0,24.0,46.0,40.0,25.0,34.0,42.0,21.0,28.0,48.0,210.0,46.0,22.0,21.0,41.0,50.0,22.0,39.0,432.0,271.0,119.0,480.0,851.0,555.0,792.0,871.0,868.0,1042.0,689.0,842.0,882.0,947.0,932.0,766.0,694.0,1000.0,1244.0,931.0,508.0,324.0,328.0,444.0,372.0,429.0,246.0,305.0,302.0,241.0,232.0,132.0,264.0,141.0,168.0,198.0,221.0,118.0,238.0,253.0,411.0,611.0,571.0,856.0,620.0,563.0,647.0,570.0,443.0,673.0,809.0,686.0,508.0,237.0,503.0,425.0,466.0,404.0,298.0,345.0,214.0,295.0,284.0,248.0,266.0,218.0,213.0,101.0,118.0,69.0,79.0,133.0,104.0,259.0,114.0,89.0,70.0,61.0,73.0,50.0,41.0,210.0,73.0,57.0,47.0,66.0,74.0,47.0,54.0,35.0,51.0,44.0,266.0,36.0,25.0,42.0,50.0,29.0,22.0,46.0,40.0,73.0,177.0,37.0,26.0,37.0,49.0,101.0,57.0,49.0,28.0,46.0,26.0,173.0,38.0,36.0,50.0,25.0,25.0,231.0,62.0,57.0,54.0,28.0,26.0,61.0,37.0,69.0,12.0,179.0,42.0,50.0,29.0,25.0,23.0,49.0,67.0,19.0,19.0,30.0,50.0,34.0,284.0,31.0,40.0,16.0,41.0,31.0,53.0,30.0,39.0,191.0,55.0
23.0,19.0,58.0,72.0,18.0,66.0,12.0,210.0,90.0,30.0,31.0,60.0,47.0,59.0,23.0,26.0,39.0,14.0,22.0,220.0,41.0,26.0,61.0,32.0,27.0,11.0,26.0,35.0,27.0,240.0,86.0,31.0,53.0,74.0,41.0,44.0,25.0,39.0,46.0,59.0,257.0,269.0,162.0,596.0,201.0,537.0,770.0,630.0,533.0,981.0,854.0,907.0,658.0,912.0,1008.0,1052.0,1147.0,868.0,899.0,1157.0,1046.0,524.0,319.0,368.0,476.0,392.0,383.0,439.0,420.0,333.0,256.0,208.0,161.0,154.0,211.0,211.0,253.0,227.0,211.0,250.0,245.0,225.0,494.0,1008.0,832.0,619.0,1038.0,746.0,588.0,746.0,672.0,662.0,629.0,515.0,724.0,584.0,321.0,359.0,408.0,272.0,299.0,261.0,224.0,261.0,201.0,260.0,321.0,147.0,108.0,168.0,149.0,91.0,73.0,86.0,185.0,134.0,65.0,51.0,80.0,106.0,67.0,52.0,215.0,68.0,52.0,71.0,58.0,48.0,42.0,45.0,235.0,61.0,50.0,40.0,43.0,40.0,37.0,29.0,74.0,20.0,30.0,30.0,43.0,22.0,21.0,241.0,29.0,43.0,30.0,37.0,65.0,35.0,25.0,38.0,66.0,45.0,227.0,39.0,74.0,33.0,37.0,21.0,26.0,23.0,25.0,37.0,238.0,39.0,30.0,23.0,16.0,30.0,36.0,34.0,18.0,185.0,58.0,34.0,50.0,29.0,22.0,16.0,27.0,58.0,18.0,15.0,29.0,170.0,32.0,68.0,51.0,103.0,15.0,35.0,53.0,48.0,14.0,31.0,33.0,208.0
25.0,37.0,35.0,125.0,53.0,84.0,39.0,23.0,39.0,28.0,193.0,68.0,21.0,17.0,13.0,32.0,69.0,17.0,26.0,57.0,57.0,30.0,211.0,40.0,99.0,185.0,141.0,214.0,160.0,434.0,172.0,225.0,614.0,735.0,575.0,663.0,812.0,912.0,622.0,820.0,946.0,802.0,718.0,1320.0,1143.0,696.0,645.0,211.0,250.0,451.0,313.0,250.0,253.0,302.0,246.0,142.0,248.0,258.0,227.0,291.0,129.0,114.0,113.0,110.0,222.0,127.0,474.0,328.0,183.0,527.0,745.0,525.0,889.0,672.0,611.0,794.0,402.0,761.0,248.0,756.0,380.0,557.0,380.0,502.0,338.0,352.0,254.0,253.0,371.0,250.0,231.0,157.0,223.0,156.0,213.0,98.0,134.0,283.0,186.0,134.0,79.0,37.0,49.0,34.0,199.0,62.0,71.0,35.0,79.0,69.0,49.0,52.0,53.0,54.0,61.0,249.0,57.0,43.0,56.0,34.0,45.0,25.0,130.0,21.0,43.0,68.0,13.0,45.0,42.0,19.0,23.0,196.0,29.0,26.0,36.0,39.0,31.0,43.0,42.0,73.0,29.0,187.0,26.0,41.0,56.0,31.0,44.0,25.0,113.0,91.0,21.0,14.0,33.0,19.0,27.0,30.0,214.0,24.0,35.0,17.0,16.0,16.0,20.0,29.0,34.0,235.0,16.0,30.0,25.0,26.0,81.0,20.0,17.0,31.0,21.0,31.0,64.0,246.0,120.0,24.0,39.0,36.0,62.0,157.0,77.0,19.0,35.0,27.0,55.0,210.0,40.0,15.0,15.0,41.0,37.0,68.0,22.0,14.0,23.0,55.0
50.0,44.0,245.0,20.0,68.0,48.0,41.0,16.0,39.0,34.0,21.0,234.0,81.0,50.0,19.0,23.0,18.0,83.0,43.0,21.0,31.0,28.0,184.0,52.0,54.0,97.0,75.0,29.0,52.0,14.0,82.0,179.0,35.0,34.0,31.0,38.0,155.0,48.0,40.0,268.0,390.0,201.0,609.0,398.0,610.0,850.0,903.0,716.0,809.0,880.0,818.0,900.0,735.0,1265.0,1145.0,1182.0,886.0,933.0,1045.0,560.0,406.0,254.0,277.0,276.0,338.0,416.0,271.0,364.0,377.0,266.0,206.0,151.0,168.0,118.0,288.0,180.0,226.0,153.0,309.0,415.0,144.0,195.0,480.0,731.0,578.0,810.0,593.0,480.0,783.0,567.0,524.0,726.0,468.0,507.0,505.0,304.0,428.0,311.0,372.0,231.0,200.0,362.0,189.0,167.0,237.0,185.0,204.0,132.0,64.0,71.0,95.0,124.0,64.0,60.0,56.0,242.0,66.0,64.0,65.0,39.0,56.0,70.0,47.0,242.0,30.0,32.0,114.0,47.0,54.0,37.0,58.0,56.0,53.0,59.0,50.0,40.0,30.0,39.0,44.0,47.0,28.0,29.0,23.0,332.0,64.0,17.0,52.0,28.0,23.0,71.0,32.0,25.0,129.0,21.0,30.0,23.0,157.0,84.0,67.0,41.0,29.0,50.0,18.0,29.0,31.0,50.0,30.0,44.0,22.0,41.0,302.0,27.0,38.0,93.0,121.0,30.0,32.0,36.0,55.0,73.0,26.0,50.0,43.0,14.0,60.0,41.0,45.0,19.0,50.0,40.0,220.0,22.0,51.0,59.0,28.0,27.0,23.0,66.0,152.0,21.0
28.0,36.0,49.0,33.0,28.0,34.0,27.0,139.0,173.0,58.0,50.0,39.0,68.0,157.0,45.0,30.0,14.0,36.0,32.0,58.0,31.0,40.0,31.0,23.0,206.0,69.0,55.0,71.0,12.0,32.0,18.0,20.0,64.0,37.0,179.0,29.0,37.0,77.0,28.0,37.0,77.0,60.0,261.0,513.0,303.0,321.0,775.0,572.0,821.0,629.0,1056.0,1133.0,1028.0,714.0,1246.0,1050.0,1197.0,1096.0,992.0,1384.0,1269.0,1338.0,906.0,627.0,495.0,663.0,429.0,377.0,290.0,421.0,453.0,406.0,330.0,358.0,185.0,253.0,273.0,268.0,256.0,180.0,181.0,313.0,414.0,668.0,575.0,465.0,904.0,643.0,428.0,701.0,282.0,572.0,611.0,401.0,468.0,350.0,448.0,264.0,212.0,333.0,154.0,132.0,167.0,120.0,244.0,180.0,119.0,83.0,76.0,108.0,78.0,86.0,79.0,71.0,193.0,108.0,77.0,65.0,58.0,47.0,38.0,63.0,56.0,44.0,40.0,251.0,53.0,32.0,34.0,28.0,36.0,24.0,38.0,46.0,32.0,288.0,38.0,34.0,77.0,91.0,27.0,26.0,27.0,57.0,75.0,42.0,45.0,16.0,37.0,22.0,34.0,282.0,18.0,15.0,19.0,26.0,35.0,145.0,32.0,82.0,89.0,27.0,37.0,46.0,33.0,30.0,24.0,49.0,57.0,94.0,245.0,37.0,26.0,18.0,34.0,19.0,40.0,30.0,39.0,23.0,38.0,24.0,13.0,262.0,38.0,29.0,19.0,57.0,60.0,24.0,30.0,17.0,164.0,44.0,66.0,48.0,56.0,38.0,26.0,39.0
21.0,12.0,12.0,62.0,60.0,16.0,41.0,20.0,22.0,16.0,208.0,52.0,88.0,45.0,63.0,82.0,50.0,49.0,24.0,21.0,17.0,13.0,49.0,193.0,24.0,27.0,24.0,35.0,21.0,39.0,43.0,22.0,23.0,38.0,270.0,63.0,36.0,55.0,34.0,48.0,35.0,143.0,411.0,546.0,298.0,547.0,780.0,877.0,503.0,926.0,930.0,1140.0,1102.0,746.0,1213.0,1174.0,1042.0,1075.0,955.0,1328.0,1012.0,595.0,367.0,441.0,302.0,530.0,469.0,418.0,381.0,270.0,272.0,348.0,113.0,197.0,303.0,208.0,299.0,261.0,167.0,103.0,278.0,294.0,493.0,295.0,599.0,578.0,684.0,412.0,699.0,399.0,331.0,726.0,420.0,647.0,531.0,349.0,602.0,382.0,418.0,376.0,342.0,445.0,335.0,372.0,183.0,185.0,136.0,93.0,77.0,104.0,120.0,272.0,93.0,139.0,53.0,80.0,75.0,72.0,40.0,33.0,68.0,62.0,69.0,39.0,69.0,42.0,53.0,216.0,36.0,61.0,52.0,36.0,40.0,31.0,54.0,42.0,26.0,40.0,48.0,271.0,18.0,29.0,28.0,23.0,54.0,44.0,22.0,40.0,209.0,34.0,37.0,20.0,73.0,88.0,14.0,38.0,43.0,125.0,23.0,36.0,33.0,26.0,27.0,55.0,109.0,50.0,25.0,31.0,21.0,255.0,22.0,64.0,41.0,51.0,75.0,58.0,27.0,148.0,52.0,43.0,57.0,28.0,24.0,81.0,45.0,12.0,263.0,45.0,46.0,32.0,25.0,30.0,17.0,62.0,19.0,57.0,32.0,70.0,16.0,35.0
21.0,270.0,33.0,22.0,57.0,46.0,46.0,31.0,30.0,47.0,41.0,50.0,21.0,108.0,193.0,58.0,38.0,64.0,20.0,20.0,22.0,52.0,63.0,83.0,19.0,258.0,24.0,28.0,17.0,29.0,83.0,26.0,61.0,51.0,29.0,222.0,23.0,30.0,39.0,15.0,23.0,28.0,48.0,40.0,230.0,49.0,63.0,238.0,552.0,448.0,343.0,830.0,836.0,973.0,806.0,851.0,1009.0,1066.0,1229.0,962.0,764.0,1117.0,929.0,853.0,1033.0,907.0,630.0,506.0,502.0,186.0,381.0,395.0,348.0,465.0,170.0,227.0,241.0,267.0,134.0,166.0,113.0,87.0,107.0,351.0,692.0,240.0,724.0,837.0,713.0,694.0,1021.0,891.0,604.0,909.0,656.0,737.0,776.0,581.0,736.0,443.0,632.0,631.0,506.0,603.0,427.0,362.0,362.0,318.0,397.0,200.0,117.0,113.0,218.0,117.0,94.0,118.0,84.0,124.0,335.0,150.0,105.0,89.0,99.0,64.0,104.0,191.0,56.0,93.0,43.0,191.0,72.0,69.0,61.0,111.0,64.0,54.0,55.0,37.0,53.0,222.0,35.0,34.0,58.0,21.0,96.0,28.0,21.0,24.0,37.0,20.0,250.0,63.0,32.0,15.0,63.0,37.0,19.0,24.0,237.0,33.0,49.0,20.0,65.0,54.0,26.0,79.0,155.0,25.0,22.0,31.0,39.0,47.0,52.0,31.0,218.0,28.0,27.0,24.0,55.0,13.0,98.0,70.0,21.0,52.0,32.0,64.0,17.0,42.0,268.0,26.0,50.0,38.0,39.0,32.0,36.0,34.0,56.0,94.0,24.0,56.0
35.0,42.0,42.0,40.0,54.0,31.0,268.0,30.0,22.0,15.0,42.0,15.0,36.0,13.0,15.0,15.0,207.0,68.0,27.0,27.0,26.0,38.0,23.0,15.0,50.0,50.0,29.0,206.0,70.0,72.0,31.0,42.0,17.0,52.0,32.0,20.0,40.0,22.0,30.0,31.0,290.0,23.0,54.0,80.0,36.0,41.0,196.0,314.0,258.0,265.0,308.0,497.0,845.0,511.0,755.0,626.0,945.0,952.0,870.0,742.0,1187.0,1211.0,1216.0,958.0,1246.0,1233.0,995.0,479.0,294.0,444.0,428.0,377.0,471.0,390.0,334.0,365.0,329.0,345.0,152.0,181.0,156.0,300.0,170.0,126.0,302.0,569.0,393.0,377.0,792.0,898.0,861.0,617.0,789.0,965.0,706.0,817.0,925.0,600.0,856.0,742.0,720.0,924.0,1147.0,966.0,783.0,857.0,498.0,550.0,442.0,429.0,276.0,371.0,501.0,293.0,358.0,435.0,349.0,315.0,414.0,259.0,222.0,205.0,145.0,163.0,100.0,155.0,229.0,80.0,102.0,69.0,93.0,92.0,32.0,43.0,56.0,68.0,184.0,106.0,139.0,55.0,74.0,50.0,46.0,36.0,32.0,34.0,29.0,20.0,34.0,232.0,34.0,33.0,52.0,29.0,43.0,36.0,19.0,26.0,46.0,237.0,27.0,25.0,19.0,38.0,45.0,73.0,44.0,32.0,21.0,18.0,20.0,25.0,223.0,24.0,29.0,36.0,29.0,29.0,23.0,26.0,20.0,84.0,31.0,31.0,56.0,180.0,42.0,24.0,32.0,37.0,33.0,39.0,61.0,35.0,29.0,212.0,46.0,15.0,52.0,34.0
22.0,22.0,25.0,42.0,281.0,80.0,26.0,35.0,84.0,33.0,102.0,36.0,42.0,14.0,187.0,52.0,15.0,26.0,25.0,164.0,13.0,46.0,32.0,20.0,60.0,37.0,52.0,51.0,29.0,32.0,273.0,33.0,73.0,24.0,29.0,21.0,27.0,61.0,386.0,547.0,766.0,757.0,857.0,670.0,1252.0,937.0,960.0,876.0,1143.0,1093.0,1243.0,1300.0,1168.0,1238.0,1310.0,1310.0,1313.0,785.0,503.0,552.0,499.0,402.0,486.0,457.0,458.0,406.0,286.0,370.0,271.0,219.0,275.0,190.0,141.0,173.0,107.0,169.0,203.0,165.0,108.0,233.0,259.0,374.0,169.0,294.0,142.0,307.0,129.0,345.0,143.0,163.0,202.0,441.0,196.0,353.0,302.0,206.0,291.0,251.0,294.0,74.0,166.0,112.0,136.0,68.0,71.0,58.0,55.0,255.0,116.0,104.0,81.0,60.0,104.0,61.0,172.0,28.0,35.0,47.0,37.0,40.0,48.0,93.0,48.0,38.0,64.0,56.0,25.0,41.0,36.0,41.0,226.0,31.0,31.0,33.0,33.0,27.0,46.0,29.0,41.0,25.0,173.0,95.0,55.0,36.0,62.0,44.0,26.0,42.0,188.0,19.0,30.0,34.0,85.0,59.0,25.0,22.0,176.0,75.0,51.0,59.0,21.0,35.0,34.0,29.0,37.0,36.0,46.0,204.0,29.0,29.0,25.0,59.0,34.0,57.0,212.0,38.0,32.0,48.0,42.0,19.0,27.0,38.0,28.0,60.0,33.0,25.0,28.0,52.0,245.0,14.0,24.0,35.0,37.0,47.0,18.0,210.0,75.0,39.0,64.0,74.0
25.0,12.0,70.0,247.0,23.0,24.0,50.0,69.0,10.0,26.0,27.0,32.0,55.0,168.0,44.0,40.0,19.0,26.0,27.0,30.0,29.0,44.0,39.0,26.0,32.0,31.0,357.0,38.0,55.0,43.0,39.0,42.0,36.0,30.0,20.0,32.0,53.0,33.0,154.0,35.0,69.0,17.0,53.0,79.0,40.0,47.0,388.0,221.0,594.0,201.0,471.0,678.0,840.0,550.0,826.0,913.0,711.0,613.0,965.0,1036.0,502.0,935.0,969.0,818.0,714.0,1255.0,1152.0,1067.0,841.0,558.0,318.0,560.0,356.0,407.0,338.0,425.0,285.0,195.0,378.0,201.0,228.0,289.0,194.0,126.0,118.0,113.0,177.0,427.0,677.0,190.0,193.0,559.0,609.0,775.0,808.0,569.0,728.0,616.0,581.0,687.0,642.0,641.0,665.0,332.0,687.0,602.0,563.0,588.0,316.0,437.0,372.0,401.0,214.0,288.0,218.0,194.0,183.0,85.0,244.0,96.0,92.0,116.0,100.0,105.0,93.0,96.0,190.0,127.0,77.0,54.0,77.0,94.0,104.0,34.0,56.0,58.0,41.0,37.0,286.0,37.0,49.0,49.0,28.0,50.0,36.0,47.0,31.0,195.0,49.0,51.0,41.0,27.0,37.0,16.0,32.0,16.0,21.0,30.0,27.0,269.0,76.0,62.0,43.0,28.0,32.0,78.0,222.0,29.0,20.0,17.0,35.0,51.0,23.0,23.0,26.0,83.0,126.0,44.0,20.0,29.0,49.0,21.0,24.0,28.0,43.0,37.0,25.0,260.0,84.0,62.0,52.0,18.0,17.0,35.0,17.0,31.0,35.0,185.0,20.0,41.0
50.0,19.0,45.0,167.0,26.0,38.0,22.0,61.0,56.0,37.0,61.0,43.0,45.0,57.0,37.0,236.0,69.0,248.0,136.0,381.0,321.0,567.0,400.0,813.0,699.0,896.0,847.0,553.0,988.0,937.0,1200.0,1121.0,844.0,786.0,872.0,1012.0,1162.0,1160.0,973.0,435.0,408.0,287.0,461.0,280.0,534.0,451.0,339.0,295.0,345.0,262.0,237.0,177.0,193.0,170.0,136.0,115.0,123.0,549.0,425.0,278.0,387.0,802.0,1104.0,607.0,901.0,761.0,431.0,862.0,794.0,587.0,775.0,585.0,758.0,470.0,810.0,258.0,838.0,360.0,448.0,230.0,387.0,365.0,377.0,252.0,110.0,278.0,199.0,133.0,231.0,162.0,315.0,179.0,268.0,115.0,146.0,129.0,255.0,82.0,117.0,69.0,115.0,87.0,76.0,76.0,68.0,35.0,22.0,67.0,48.0,37.0,215.0,34.0,42.0,31.0,34.0,34.0,164.0,49.0,123.0,25.0,39.0,46.0,33.0,32.0,49.0,16.0,51.0,156.0,18.0,14.0,31.0,50.0,62.0,27.0,14.0,38.0,204.0,54.0,94.0,27.0,71.0,44.0,55.0,45.0,57.0,15.0,47.0,25.0,32.0,220.0,55.0,84.0,41.0,72.0,38.0,54.0,81.0,20.0,14.0,210.0,21.0,23.0,52.0,23.0,61.0,73.0,74.0,58.0,197.0,27.0,19.0,18.0,39.0,72.0,27.0,20.0,38.0,20.0,25.0,19.0,270.0,29.0,26.0,37.0,82.0,29.0,24.0,228.0,35.0,66.0,27.0,55.0,31.0,25.0,18.0,240.0,60.0,43.0,22.0,27.0
45.0,227.0,54.0,27.0,31.0,37.0,55.0,96.0,22.0,49.0,41.0,46.0,275.0,57.0,29.0,26.0,27.0,76.0,25.0,43.0,42.0,74.0,16.0,180.0,85.0,15.0,54.0,39.0,35.0,18.0,38.0,70.0,61.0,29.0,25.0,164.0,91.0,36.0,20.0,25.0,21.0,46.0,20.0,26.0,28.0,63.0,264.0,68.0,158.0,399.0,489.0,558.0,475.0,706.0,684.0,560.0,885.0,764.0,559.0,954.0,788.0,846.0,950.0,1047.0,1069.0,885.0,1225.0,981.0,913.0,844.0,278.0,322.0,350.0,531.0,611.0,454.0,385.0,466.0,232.0,395.0,428.0,342.0,345.0,166.0,199.0,154.0,158.0,72.0,547.0,406.0,368.0,724.0,906.0,576.0,853.0,724.0,539.0,856.0,801.0,771.0,891.0,446.0,774.0,558.0,682.0,610.0,555.0,495.0,356.0,303.0,143.0,252.0,219.0,215.0,171.0,169.0,261.0,153.0,98.0,141.0,210.0,73.0,73.0,91.0,80.0,115.0,100.0,79.0,274.0,74.0,88.0,39.0,70.0,79.0,52.0,65.0,46.0,63.0,44.0,55.0,267.0,45.0,40.0,57.0,39.0,39.0,32.0,73.0,60.0,36.0,182.0,45.0,16.0,31.0,21.0,14.0,50.0,24.0,239.0,35.0,66.0,22.0,65.0,77.0,31.0,32.0,31.0,190.0,43.0,73.0,27.0,34.0,17.0,30.0,33.0,38.0,32.0,22.0,21.0,32.0,14.0,251.0,33.0,35.0,46.0,47.0,53.0,166.0,33.0,20.0,33.0,70.0,43.0,48.0,63.0,37.0,26.0,57.0,250.0,50.0
738.0,918.0,792.0,965.0,888.0,1149.0,1028.0,960.0,901.0,1066.0,1224.0,1150.0,948.0,1068.0,1264.0,1140.0,479.0,486.0,495.0,496.0,594.0,566.0,538.0,416.0,345.0,348.0,266.0,187.0,205.0,209.0,231.0,265.0,201.0,145.0,164.0,317.0,737.0,269.0,213.0,122.0,108.0,124.0,177.0,661.0,653.0,394.0,718.0,373.0,480.0,657.0,392.0,729.0,401.0,740.0,395.0,451.0,250.0,423.0,337.0,397.0,338.0,295.0,391.0,212.0,386.0,154.0,175.0,186.0,122.0,68.0,108.0,251.0,178.0,123.0,181.0,84.0,123.0,162.0,84.0,145.0,83.0,68.0,63.0,70.0,36.0,57.0,47.0,35.0,33.0,208.0,49.0,36.0,38.0,32.0,43.0,55.0,26.0,25.0,173.0,66.0,27.0,55.0,15.0,19.0,27.0,43.0,37.0,20.0,204.0,93.0,43.0,21.0,17.0,62.0,30.0,25.0,100.0,212.0,55.0,39.0,26.0,35.0,34.0,23.0,191.0,78.0,55.0,25.0,30.0,24.0,41.0,17.0,195.0,31.0,35.0,61.0,28.0,23.0,37.0,80.0,83.0,43.0,62.0,54.0,162.0,19.0,56.0,58.0,15.0,57.0,31.0,18.0,27.0,48.0,155.0,15.0,18.0,46.0,28.0,48.0,25.0,59.0,110.0,28.0,13.0,35.0,28.0,40.0,42.0,259.0,28.0,52.0,37.0,32.0,34.0,48.0,16.0,23.0,23.0,17.0,218.0,20.0,51.0,32.0,17.0,41.0,41.0,25.0,211.0,38.0,53.0,34.0,30.0,54.0,81.0,17.0,92.0,50.0,52.0,43.0
278.0,31.0,26.0,35.0,25.0,49.0,25.0,27.0,18.0,248.0,29.0,47.0,73.0,28.0,34.0,49.0,21.0,27.0,25.0,25.0,242.0,18.0,36.0,17.0,53.0,100.0,126.0,92.0,67.0,21.0,21.0,21.0,91.0,45.0,18.0,14.0,178.0,37.0,25.0,30.0,25.0,58.0,76.0,365.0,519.0,374.0,660.0,509.0,904.0,1206.0,958.0,821.0,1343.0,1314.0,1165.0,869.0,1288.0,1111.0,1144.0,1178.0,1367.0,992.0,529.0,432.0,406.0,308.0,446.0,270.0,275.0,381.0,305.0,190.0,244.0,178.0,252.0,218.0,139.0,144.0,521.0,423.0,496.0,271.0,521.0,1080.0,1099.0,816.0,1174.0,899.0,999.0,999.0,950.0,981.0,907.0,777.0,712.0,402.0,751.0,650.0,462.0,532.0,312.0,312.0,330.0,198.0,269.0,354.0,212.0,90.0,236.0,154.0,230.0,100.0,127.0,312.0,110.0,102.0,115.0,93.0,49.0,208.0,93.0,94.0,73.0,82.0,47.0,54.0,188.0,53.0,45.0,50.0,35.0,59.0,44.0,187.0,36.0,30.0,51.0,35.0,25.0,119.0,192.0,77.0,46.0,32.0,48.0,71.0,39.0,72.0,23.0,35.0,30.0,27.0,49.0,282.0,13.0,40.0,38.0,56.0,22.0,14.0,50.0,22.0,31.0,27.0,30.0,39.0,282.0,39.0,25.0,29.0,36.0,25.0,29.0,28.0,23.0,43.0,25.0,68.0,58.0,229.0,20.0,18.0,26.0,12.0,12.0,28.0,45.0,63.0,190.0,86.0,20.0,42.0,36.0,8.0,39.0,23.0,39.0,44.0,60.0,209.0
